id,name,full_name,position,team_id,club,price,cost,ownership,availability,status,news,history_count,minutes_recent,method,price_change_week,net_transfers_week,selectable,error_scale,gw6,fixtures6,games6,gw7,fixtures7,games7,gw8,fixtures8,games8,gw9,fixtures9,games9,gw10,fixtures10,games10,next_points,horizon_points,weighted_points,risk
411,Haaland,Erling Haaland,FWD,15,MCI,15.6,156,73.8,1.0,a,,50,90.0,gradient_boosting,0.0,59548,True,3.5854329730334533,6.886,LIV (A),1,7.422,IPS (H),1,6.943,AVL (A),1,7.167,BHA (H),1,6.933,NFO (A),1,6.886,35.351,23.776,
426,B.Fernandes,Bruno Borges Fernandes,MID,16,MUN,11.9,119,38.5,1.0,a,,50,90.0,gradient_boosting,-0.1,-153489,True,2.8717225771036388,6.04,TOT (H),1,4.949,LEE (A),1,5.134,BOU (H),1,4.652,CHE (A),1,5.554,AVL (H),1,6.04,26.329,17.942,
124,Groß,Pascal Groß,MID,5,BHA,5.8,58,29.1,1.0,a,,50,90.0,gradient_boosting,0.1,792878,True,2.8717225771036388,5.411,SUN (A),1,6.02,CRY (H),1,4.637,LIV (A),1,4.2,MCI (A),1,4.409,BRE (H),1,5.411,24.677,17.151,
427,Mbeumo,Bryan Mbeumo,MID,16,MUN,7.9,79,20.5,1.0,a,,50,90.0,gradient_boosting,0.0,-93594,True,2.8717225771036388,5.106,TOT (H),1,4.484,LEE (A),1,4.984,BOU (H),1,4.78,CHE (A),1,5.106,AVL (H),1,5.106,24.46,16.422,
480,Gibbs-White,Morgan Gibbs-White,MID,18,NFO,8.0,80,15.7,1.0,a,,50,90.0,gradient_boosting,0.0,-16232,True,2.8717225771036388,5.076,CRY (A),1,4.477,ARS (H),1,4.933,IPS (A),1,3.989,BRE (A),1,4.211,MCI (H),1,5.076,22.686,15.582,
346,Calvert-Lewin,Dominic Calvert-Lewin,FWD,13,LEE,6.0,60,24.8,1.0,a,,50,79.66666666666667,gradient_boosting,0.0,-75633,True,3.5854329730334533,4.875,ARS (A),1,5.56,MUN (H),1,4.918,SUN (A),1,4.918,BOU (A),1,5.722,TOT (H),1,4.875,25.993,17.332,
68,Tavernier,Marcus Tavernier,MID,3,BOU,6.1,61,6.8,1.0,a,,50,81.33333333333333,gradient_boosting,0.0,39801,True,2.8717225771036388,4.87,CHE (A),1,4.809,SUN (H),1,4.558,MUN (A),1,4.53,LEE (H),1,4.963,IPS (A),1,4.87,23.73,15.987,
12,Saka,Bukayo Saka,MID,1,ARS,9.5,95,13.8,1.0,a,,50,86.33333333333333,gradient_boosting,0.0,66052,True,2.8717225771036388,4.833,LEE (H),1,5.124,NFO (A),1,4.935,EVE (H),1,4.493,LIV (A),1,4.935,HUL (H),1,4.833,24.32,16.412,
236,Dewsbury-Hall,Kiernan Dewsbury-Hall,MID,9,EVE,6.6,66,5.9,1.0,a,,50,90.0,gradient_boosting,0.1,-10750,True,2.8717225771036388,4.552,HUL (A),1,5.035,CHE (H),1,4.408,ARS (A),1,4.307,NEW (A),1,5.377,COV (H),1,4.552,23.679,15.809,
1,Raya,David Raya Martín,GK,1,ARS,6.1,61,42.3,1.0,a,,50,90.0,gradient_boosting,0.1,80071,True,2.517528275248518,4.521,LEE (H),1,4.695,NFO (A),1,4.521,EVE (H),1,4.521,LIV (A),1,4.521,HUL (H),1,4.521,22.779,15.337,
93,Schuster,Jannik Schuster,DEF,4,BRE,4.5,45,0.3,1.0,a,,5,84.33333333333333,gradient_boosting,0.0,13047,True,2.802085151978452,4.504,AVL (A),1,3.645,LIV (H),1,3.617,HUL (A),1,4.155,NFO (H),1,3.203,BHA (A),1,4.504,19.124,13.174,
115,De Cuyper,Maxim De Cuyper,DEF,5,BHA,5.0,50,27.8,1.0,a,,42,85.33333333333333,gradient_boosting,0.1,283118,True,2.802085151978452,4.369,SUN (A),1,4.575,CRY (H),1,3.921,LIV (A),1,3.25,MCI (A),1,3.502,BRE (H),1,4.369,19.617,13.637,
449,Hall,Lewis Hall,DEF,17,NEW,5.3,53,17.4,1.0,a,,50,89.66666666666667,gradient_boosting,0.1,229161,True,2.802085151978452,4.364,COV (A),1,4.747,AVL (H),1,4.581,CRY (A),1,3.938,EVE (H),1,4.195,FUL (A),1,4.364,21.825,14.828,
428,Cunha,Matheus Santos Carneiro da Cunha,MID,16,MUN,7.9,79,5.8,1.0,a,,50,83.0,gradient_boosting,0.0,820,True,2.8717225771036388,4.346,TOT (H),1,3.651,LEE (A),1,4.223,BOU (H),1,4.366,CHE (A),1,4.346,AVL (H),1,4.346,20.932,13.985,
542,E.Le Fée,Enzo Le Fée,MID,20,SUN,5.7,57,3.4,1.0,a,,43,90.0,gradient_boosting,-0.1,-12760,True,2.8717225771036388,4.277,BHA (H),1,4.578,BOU (A),1,4.361,LEE (H),1,5.382,COV (A),1,5.384,CHE (H),1,4.277,23.982,15.691,
368,Szoboszlai,Dominik Szoboszlai,MID,14,LIV,6.9,69,32.7,1.0,a,,50,86.66666666666667,gradient_boosting,-0.1,-183236,True,2.8717225771036388,4.263,MCI (H),1,3.95,BRE (A),1,4.263,BHA (H),1,4.336,ARS (H),1,4.563,CRY (A),1,4.263,21.375,14.24,
87,Ajer,Kristoffer Ajer,DEF,4,BRE,4.5,45,3.9,1.0,a,,50,90.0,gradient_boosting,0.0,-11669,True,2.802085151978452,4.239,AVL (A),1,3.723,LIV (H),1,3.611,HUL (A),1,3.988,NFO (H),1,3.204,BHA (A),1,4.239,18.765,12.883,
109,Verbruggen,Bart Verbruggen,GK,5,BHA,4.5,45,21.6,1.0,a,,50,90.0,gradient_boosting,0.0,341,True,2.517528275248518,4.233,SUN (A),1,4.328,CRY (H),1,3.846,LIV (A),1,3.925,MCI (A),1,3.775,BRE (H),1,4.233,20.107,13.713,
453,Barnes,Harvey Barnes,MID,17,NEW,6.1,61,5.8,1.0,a,,50,90.0,gradient_boosting,0.1,145258,True,2.8717225771036388,4.218,COV (A),1,4.114,AVL (H),1,4.196,CRY (A),1,3.937,EVE (H),1,3.873,FUL (A),1,4.218,20.338,13.797,
469,N.Williams,Neco Williams,DEF,18,NFO,5.0,50,8.7,1.0,a,,50,90.0,gradient_boosting,0.0,-36287,True,2.802085151978452,4.194,CRY (A),1,3.511,ARS (H),1,4.144,IPS (A),1,2.673,BRE (A),1,3.284,MCI (H),1,4.194,17.806,12.369,
254,Robinson,Antonee Robinson,DEF,10,FUL,4.5,45,1.5,1.0,a,,50,86.0,gradient_boosting,0.0,9538,True,2.802085151978452,4.129,IPS (A),1,3.313,HUL (H),1,3.964,COV (A),1,4.022,AVL (A),1,3.799,NEW (H),1,4.129,19.227,12.932,
305,Davis,Leif Davis,DEF,12,IPS,4.0,40,6.9,1.0,a,,43,90.0,gradient_boosting,0.0,23292,True,2.802085151978452,4.128,FUL (H),1,3.159,MCI (A),1,3.85,NFO (H),1,3.271,HUL (A),1,4.128,BOU (H),1,4.128,18.536,12.485,
504,Vuskovic,Luka Vušković,DEF,5,BHA,5.0,50,3.7,1.0,a,,43,85.66666666666667,gradient_boosting,0.0,44674,True,2.802085151978452,4.101,SUN (A),1,4.074,CRY (H),1,3.599,LIV (A),1,3.016,MCI (A),1,3.102,BRE (H),1,4.101,17.892,12.478,
258,Castagne,Timothy Castagne,DEF,10,FUL,4.5,45,0.9,1.0,a,,50,83.66666666666667,gradient_boosting,0.0,10045,True,2.802085151978452,4.079,IPS (A),1,3.328,HUL (H),1,3.913,COV (A),1,3.972,AVL (A),1,3.706,NEW (H),1,4.079,18.998,12.797,
40,Rogers,Morgan Rogers,MID,6,CHE,7.7,77,40.5,1.0,a,,50,88.66666666666667,gradient_boosting,0.0,81551,True,2.8717225771036388,4.076,BOU (H),1,3.957,EVE (A),1,4.275,TOT (H),1,3.974,MUN (H),1,3.851,SUN (A),1,4.076,20.133,13.59,
418,Maguire,Harry Maguire,DEF,16,MUN,4.8,48,8.6,1.0,a,,50,90.0,gradient_boosting,-0.1,-71284,True,2.802085151978452,4.068,TOT (H),1,3.155,LEE (A),1,3.91,BOU (H),1,3.869,CHE (A),1,4.104,AVL (H),1,4.068,19.106,12.756,
334,Muharemović,Tarik Muharemović,DEF,13,LEE,5.0,50,4.3,1.0,a,,5,90.0,gradient_boosting,0.0,4030,True,2.802085151978452,4.034,ARS (A),1,4.803,MUN (H),1,5.11,SUN (A),1,4.87,BOU (A),1,5.458,TOT (H),1,4.034,24.275,15.876,
447,Botman,Sven Botman,DEF,17,NEW,5.0,50,0.7,1.0,a,,50,90.0,gradient_boosting,0.0,1822,True,2.802085151978452,4.021,COV (A),1,4.326,AVL (H),1,4.236,CRY (A),1,3.469,EVE (H),1,3.819,FUL (A),1,4.021,19.871,13.533,
106,Thiago,Igor Thiago Nascimento Rodrigues,FWD,4,BRE,7.8,78,9.1,1.0,a,,50,90.0,gradient_boosting,0.0,21153,True,3.5854329730334533,4.012,AVL (A),1,4.364,LIV (H),1,3.931,HUL (A),1,4.411,NFO (H),1,3.697,BHA (A),1,4.012,20.415,13.792,
316,Emersonn,Emersonn Correia da Silva,FWD,12,IPS,5.5,55,3.6,1.0,a,,5,69.0,gradient_boosting,0.0,12242,True,3.5854329730334533,3.987,FUL (H),1,3.404,MCI (A),1,3.958,NFO (H),1,3.6,HUL (A),1,4.095,BOU (H),1,3.987,19.044,12.764,
566,Silva,António João Pereira de Albuquerque Tavares da Silva,DEF,3,BOU,5.0,50,0.4,1.0,a,,5,90.0,gradient_boosting,0.0,2744,True,2.802085151978452,3.987,CHE (A),1,4.321,SUN (H),1,3.921,MUN (A),1,3.534,LEE (H),1,4.041,IPS (A),1,3.987,19.804,13.418,
268,King,Josh King,MID,10,FUL,5.5,55,2.6,1.0,a,,50,81.66666666666667,gradient_boosting,0.0,72700,True,2.8717225771036388,3.972,IPS (A),1,3.778,HUL (H),1,4.055,COV (A),1,3.787,AVL (A),1,3.797,NEW (H),1,3.972,19.389,13.084,
472,Murillo,Murillo Costa dos Santos,DEF,18,NFO,5.5,55,2.1,1.0,a,,50,89.66666666666667,gradient_boosting,0.0,353,True,2.802085151978452,3.954,CRY (A),1,3.39,ARS (H),1,3.939,IPS (A),1,2.939,BRE (A),1,3.294,MCI (H),1,3.954,17.516,12.041,
61,Truffert,Adrien Truffert,DEF,3,BOU,5.4,54,3.0,1.0,a,,42,90.0,gradient_boosting,-0.1,-7711,True,2.802085151978452,3.933,CHE (A),1,4.527,SUN (H),1,3.931,MUN (A),1,3.424,LEE (H),1,4.115,IPS (A),1,3.933,19.93,13.509,
257,Bassey,Calvin Bassey,DEF,10,FUL,4.5,45,0.7,1.0,a,,50,90.0,gradient_boosting,0.0,3893,True,2.802085151978452,3.915,IPS (A),1,3.179,HUL (H),1,3.706,COV (A),1,3.764,AVL (A),1,3.556,NEW (H),1,3.915,18.12,12.214,
176,Dasilva,Jay Dasilva,DEF,7,COV,4.0,40,0.7,1.0,a,,5,88.0,gradient_boosting,0.0,4786,True,2.802085151978452,3.858,NEW (H),1,4.042,TOT (A),1,3.954,FUL (H),1,4.043,SUN (H),1,3.272,EVE (A),1,3.858,19.169,13.032,
67,Rayan,Rayan Vitor Simplício Rocha,MID,3,BOU,6.3,63,1.6,1.0,a,,19,85.33333333333333,gradient_boosting,-0.1,-5762,True,2.8717225771036388,3.834,CHE (A),1,3.856,SUN (H),1,3.553,MUN (A),1,3.484,LEE (H),1,3.807,IPS (A),1,3.834,18.534,12.536,
127,Gomez,Diego Gómez Amarilla,MID,5,BHA,5.0,50,4.0,1.0,a,,50,86.0,gradient_boosting,0.0,-26692,True,2.8717225771036388,3.831,SUN (A),1,4.288,CRY (H),1,3.576,LIV (A),1,3.492,MCI (A),1,3.799,BRE (H),1,3.831,18.986,12.894,
94,Schade,Kevin Schade,MID,4,BRE,6.2,62,11.7,1.0,a,,50,90.0,gradient_boosting,0.1,375142,True,2.8717225771036388,3.828,AVL (A),1,3.625,LIV (H),1,3.53,HUL (A),1,3.934,NFO (H),1,3.431,BHA (A),1,3.828,18.348,12.407,
259,Diop,Issa Diop,DEF,12,IPS,4.0,40,12.7,1.0,a,,50,90.0,gradient_boosting,0.0,-49121,True,2.802085151978452,3.8,FUL (H),1,2.811,MCI (A),1,3.536,NFO (H),1,3.241,HUL (A),1,3.8,BOU (H),1,3.8,17.188,11.528,
156,Neto,Pedro Lomba Neto,MID,6,CHE,6.5,65,1.4,1.0,a,,50,83.66666666666667,gradient_boosting,0.0,-4438,True,2.8717225771036388,3.793,BOU (H),1,3.488,EVE (A),1,3.875,TOT (H),1,3.681,MUN (H),1,3.601,SUN (A),1,3.793,18.438,12.423,
183,Rudoni,Jack Rudoni,MID,7,COV,4.9,49,0.1,1.0,a,,5,69.0,gradient_boosting,0.0,248,True,2.8717225771036388,3.751,NEW (H),1,3.67,TOT (A),1,3.885,FUL (H),1,3.885,SUN (H),1,3.422,EVE (A),1,3.751,18.613,12.564,
356,Virgil,Virgil van Dijk,DEF,14,LIV,6.5,65,16.2,1.0,a,,50,90.0,gradient_boosting,0.0,-22256,True,2.802085151978452,3.685,MCI (H),1,3.259,BRE (A),1,3.685,BHA (H),1,3.98,ARS (H),1,4.823,CRY (A),1,3.685,19.432,12.664,
98,Janelt,Vitaly Janelt,MID,4,BRE,5.0,50,2.5,1.0,a,,50,90.0,gradient_boosting,0.0,1748,True,2.8717225771036388,3.664,AVL (A),1,3.906,LIV (H),1,3.737,HUL (A),1,4.002,NFO (H),1,3.38,BHA (A),1,3.664,18.689,12.614,
249,Barry,Thierno Barry,FWD,9,EVE,5.7,57,8.3,1.0,a,,43,90.0,gradient_boosting,0.1,46558,True,3.5854329730334533,3.652,HUL (A),1,4.126,CHE (H),1,3.642,ARS (A),1,3.756,NEW (A),1,4.416,COV (H),1,3.652,19.592,13.016,
366,Wirtz,Florian Wirtz,MID,14,LIV,7.3,73,5.7,1.0,a,,43,83.33333333333333,gradient_boosting,0.0,-38607,True,2.8717225771036388,3.646,MCI (H),1,3.479,BRE (A),1,3.646,BHA (H),1,3.722,ARS (H),1,3.907,CRY (A),1,3.646,18.4,12.269,
4,Gabriel,Gabriel dos Santos Magalhães,DEF,1,ARS,8.0,80,22.7,1.0,a,,50,90.0,gradient_boosting,0.0,-42273,True,2.802085151978452,3.626,LEE (H),1,3.887,NFO (A),1,3.649,EVE (H),1,3.567,LIV (A),1,3.649,HUL (H),1,3.626,18.378,12.392,
372,Mac Allister,Alexis Mac Allister,MID,14,LIV,5.4,54,1.3,1.0,a,,50,67.66666666666667,gradient_boosting,0.0,-3060,True,2.8717225771036388,3.609,MCI (H),1,3.332,BRE (A),1,3.609,BHA (H),1,3.743,ARS (H),1,3.735,CRY (A),1,3.609,18.028,12.031,
403,Sávio,Sávio Moreira de Oliveira,MID,19,TOT,6.5,65,0.7,1.0,a,,50,80.0,gradient_boosting,0.0,-4005,True,2.8717225771036388,3.571,MUN (A),1,4.308,COV (H),1,3.839,CHE (A),1,4.171,CRY (H),1,3.362,LEE (A),1,3.571,19.251,12.987,
60,Hill,James Hill,DEF,3,BOU,5.5,55,0.8,1.0,a,,50,90.0,gradient_boosting,0.0,75,True,2.802085151978452,3.564,CHE (A),1,3.691,SUN (H),1,3.209,MUN (A),1,2.732,LEE (H),1,3.527,IPS (A),1,3.564,16.723,11.414,
399,Cherki,Rayan Cherki,MID,15,MCI,7.8,78,28.4,1.0,a,,41,64.66666666666667,gradient_boosting,0.0,35180,True,2.8717225771036388,3.551,LIV (A),1,4.207,IPS (H),1,3.863,AVL (A),1,3.753,BHA (H),1,3.785,NFO (A),1,3.551,19.159,12.861,
8,Calafiori,Riccardo Calafiori,DEF,1,ARS,5.8,58,50.5,1.0,a,,50,82.0,gradient_boosting,0.0,14045,True,2.802085151978452,3.544,LEE (H),1,3.74,NFO (A),1,3.567,EVE (H),1,3.456,LIV (A),1,3.567,HUL (H),1,3.544,17.874,12.049,
239,Garner,James Garner,MID,9,EVE,6.0,60,0.2,1.0,a,,50,85.33333333333333,gradient_boosting,0.0,-238,True,2.8717225771036388,3.535,HUL (A),1,3.718,CHE (H),1,3.464,ARS (A),1,3.46,NEW (A),1,3.786,COV (H),1,3.535,17.963,12.049,
481,Anderson,Elliot Anderson,MID,15,MCI,6.3,63,4.0,1.0,a,,50,90.0,gradient_boosting,0.0,-20254,True,2.8717225771036388,3.528,LIV (A),1,3.76,IPS (H),1,3.678,AVL (A),1,3.498,BHA (H),1,3.598,NFO (A),1,3.528,18.062,12.155,
43,Tielemans,Youri Tielemans,MID,16,MUN,5.8,58,1.5,1.0,a,,50,82.0,gradient_boosting,0.0,-7653,True,2.8717225771036388,3.523,TOT (H),1,3.074,LEE (A),1,3.517,BOU (H),1,3.369,CHE (A),1,3.523,AVL (H),1,3.523,17.006,11.401,
464,Wissa,Yoane Wissa,FWD,17,NEW,6.2,62,18.7,1.0,a,,50,90.0,gradient_boosting,0.0,-52700,True,3.5854329730334533,3.517,COV (A),1,3.657,AVL (H),1,3.515,CRY (A),1,3.54,EVE (H),1,3.387,FUL (A),1,3.517,17.616,11.892,
173,Thomas,Bobby Thomas,DEF,7,COV,4.0,40,8.5,1.0,a,,42,90.0,gradient_boosting,0.0,-5759,True,2.802085151978452,3.487,NEW (H),1,3.595,TOT (A),1,3.573,FUL (H),1,3.768,SUN (H),1,3.257,EVE (A),1,3.487,17.68,11.913,
496,Kinsky,Antonín Kinský,GK,19,TOT,4.5,45,17.2,1.0,a,,50,90.0,gradient_boosting,0.0,-94123,True,2.517528275248518,3.487,MUN (A),1,3.646,COV (H),1,3.433,CHE (A),1,3.552,CRY (H),1,3.024,LEE (A),1,3.487,17.142,11.658,
250,Leno,Bernd Leno,GK,10,FUL,4.5,45,3.4,1.0,a,,50,90.0,gradient_boosting,0.0,28681,True,2.517528275248518,3.478,IPS (A),1,3.146,HUL (H),1,3.533,COV (A),1,3.383,AVL (A),1,3.478,NEW (H),1,3.478,17.018,11.413,
210,Wharton,Adam Wharton,MID,8,CRY,5.4,54,0.7,1.0,a,,50,85.33333333333333,gradient_boosting,-0.1,-3402,True,2.8717225771036388,3.454,NFO (H),1,2.979,BHA (A),1,3.455,NEW (H),1,3.441,TOT (A),1,3.39,LIV (H),1,3.454,16.719,11.199,
572,Tzolakis,Konstantinos Tzolakis,GK,11,HUL,4.7,47,12.8,1.0,a,,5,90.0,gradient_boosting,0.1,104553,True,2.517528275248518,3.437,EVE (H),1,3.795,FUL (A),1,3.281,BRE (H),1,3.774,IPS (H),1,3.405,ARS (A),1,3.437,17.692,11.9,
286,Belloumi,Mohamed Belloumi,MID,11,HUL,5.1,51,5.2,1.0,a,,5,74.0,gradient_boosting,0.0,52286,True,2.8717225771036388,3.42,EVE (H),1,3.417,FUL (A),1,3.229,BRE (H),1,3.847,IPS (H),1,3.021,ARS (A),1,3.42,16.934,11.427,
544,Xhaka,Granit Xhaka,MID,20,SUN,5.5,55,3.6,1.0,a,,50,90.0,gradient_boosting,0.0,-17258,True,2.8717225771036388,3.414,BHA (H),1,3.637,BOU (A),1,3.518,LEE (H),1,4.168,COV (A),1,3.794,CHE (H),1,3.414,18.531,12.263,
264,Bobb,Oscar Bobb,MID,10,FUL,5.5,55,0.3,1.0,a,,50,70.0,gradient_boosting,0.0,615,True,2.8717225771036388,3.373,IPS (A),1,3.154,HUL (H),1,3.403,COV (A),1,3.403,AVL (A),1,3.253,NEW (H),1,3.373,16.586,11.149,
419,Martinez,Lisandro Martínez,DEF,16,MUN,5.0,50,1.3,1.0,a,,50,90.0,gradient_boosting,0.0,-2771,True,2.802085151978452,3.371,TOT (H),1,2.72,LEE (A),1,3.213,BOU (H),1,3.229,CHE (A),1,3.345,AVL (H),1,3.371,15.878,10.627,
304,O'Shea,Dara O'Shea,DEF,12,IPS,4.0,40,2.7,1.0,a,,50,90.0,gradient_boosting,0.0,-12918,True,2.802085151978452,3.363,FUL (H),1,2.666,MCI (A),1,3.118,NFO (H),1,2.853,HUL (A),1,3.33,BOU (H),1,3.363,15.33,10.316,
417,Dalot,Diogo Dalot Teixeira,DEF,16,MUN,4.9,49,1.6,1.0,a,,50,87.66666666666667,gradient_boosting,0.0,-6352,True,2.802085151978452,3.346,TOT (H),1,2.635,LEE (A),1,3.189,BOU (H),1,3.029,CHE (A),1,3.317,AVL (H),1,3.346,15.516,10.404,
332,Justin,James Justin,DEF,13,LEE,4.5,45,1.4,1.0,a,,50,90.0,gradient_boosting,0.0,-1648,True,2.802085151978452,3.345,ARS (A),1,3.972,MUN (H),1,4.188,SUN (A),1,3.921,BOU (A),1,4.189,TOT (H),1,3.345,19.615,12.926,
41,Buendía,Emiliano Buendía Stati,MID,2,AVL,5.9,59,1.0,1.0,a,,50,75.33333333333333,gradient_boosting,0.0,8250,True,2.8717225771036388,3.327,BRE (H),1,3.137,NEW (A),1,3.324,MCI (H),1,3.612,FUL (H),1,3.24,MUN (A),1,3.327,16.64,11.14,
214,Kamada,Daichi Kamada,MID,8,CRY,5.0,50,0.5,1.0,a,,50,87.0,gradient_boosting,0.0,241,True,2.8717225771036388,3.325,NFO (H),1,2.795,BHA (A),1,3.222,NEW (H),1,3.233,TOT (A),1,3.215,LIV (H),1,3.325,15.79,10.595,
412,Lammens,Senne Lammens,GK,16,MUN,4.9,49,9.9,1.0,a,,40,90.0,gradient_boosting,0.0,-42475,True,2.517528275248518,3.318,TOT (H),1,2.775,LEE (A),1,3.17,BOU (H),1,2.941,CHE (A),1,3.17,AVL (H),1,3.318,15.374,10.371,
467,Sels,Matz Sels,GK,18,NFO,5.0,50,1.6,1.0,a,,50,90.0,gradient_boosting,0.0,-4178,True,2.517528275248518,3.317,CRY (A),1,3.056,ARS (H),1,3.317,IPS (A),1,2.9,BRE (A),1,3.058,MCI (H),1,3.317,15.648,10.622,
15,Ødegaard,Martin Ødegaard,MID,1,ARS,6.8,68,19.8,1.0,a,,50,77.33333333333333,gradient_boosting,0.0,-10275,True,2.8717225771036388,3.306,LEE (H),1,3.228,NFO (A),1,3.356,EVE (H),1,3.061,LIV (A),1,3.356,HUL (H),1,3.306,16.307,10.978,
26,Havertz,Kai Havertz,FWD,1,ARS,7.6,76,8.2,0.75,d,Hamstring injury - 75% chance of playing,50,85.66666666666667,gradient_boosting,0.0,-16108,True,3.5854329730334533,3.305,LEE (H),1,2.944,NFO (A),1,3.305,EVE (H),1,2.908,LIV (A),1,3.305,HUL (H),1,3.305,15.767,10.618,Availability flag
69,Scott,Alex Scott,MID,3,BOU,6.1,61,5.8,1.0,a,,50,90.0,gradient_boosting,0.0,-14660,True,2.8717225771036388,3.301,CHE (A),1,3.658,SUN (H),1,3.449,MUN (A),1,3.515,LEE (H),1,3.5,IPS (A),1,3.301,17.423,11.668,
335,Stach,Anton Stach,MID,13,LEE,6.0,60,2.5,1.0,a,,42,89.0,gradient_boosting,0.0,-14880,True,2.8717225771036388,3.301,ARS (A),1,3.795,MUN (H),1,3.592,SUN (A),1,3.592,BOU (A),1,3.863,TOT (H),1,3.301,18.143,12.057,
230,Branthwaite,Jarrad Branthwaite,DEF,9,EVE,5.5,55,2.4,1.0,a,,50,90.0,gradient_boosting,0.0,12763,True,2.802085151978452,3.292,HUL (A),1,4.36,CHE (H),1,3.276,ARS (A),1,3.499,NEW (A),1,3.891,COV (H),1,3.292,18.318,12.262,
588,Khalaili,Anan Khalaili,DEF,8,CRY,5.0,50,0.3,1.0,a,,5,90.0,gradient_boosting,0.0,980,True,2.802085151978452,3.289,NFO (H),1,2.559,BHA (A),1,3.641,NEW (H),1,3.743,TOT (A),1,2.843,LIV (H),1,3.289,16.075,10.747,
222,Strand Larsen,Jørgen Strand Larsen,FWD,8,CRY,6.0,60,0.7,1.0,a,,50,69.66666666666667,gradient_boosting,0.0,1105,True,3.5854329730334533,3.288,NFO (H),1,2.912,BHA (A),1,3.272,NEW (H),1,3.323,TOT (A),1,3.24,LIV (H),1,3.288,16.035,10.74,
391,Gvardiol,Joško Gvardiol,DEF,15,MCI,5.7,57,26.8,1.0,a,,50,90.0,gradient_boosting,0.0,93732,True,2.802085151978452,3.267,LIV (A),1,4.311,IPS (H),1,3.968,AVL (A),1,3.088,BHA (H),1,3.478,NFO (A),1,3.267,18.112,12.261,
113,F.Kadıoğlu,Ferdi Kadıoğlu,DEF,5,BHA,4.4,44,1.6,1.0,a,,50,80.66666666666667,gradient_boosting,0.0,-2968,True,2.802085151978452,3.255,SUN (A),1,3.327,CRY (H),1,2.973,LIV (A),1,2.759,MCI (A),1,2.746,BRE (H),1,3.255,15.06,10.357,
338,Ampadu,Ethan Ampadu,MID,13,LEE,5.4,54,0.9,1.0,a,,50,90.0,gradient_boosting,0.0,-3359,True,2.8717225771036388,3.248,ARS (A),1,3.489,MUN (H),1,3.396,SUN (A),1,3.396,BOU (A),1,4.01,TOT (H),1,3.248,17.539,11.594,
105,Anthony,Jaidon Anthony,MID,4,BRE,5.9,59,0.1,1.0,a,,50,61.333333333333336,gradient_boosting,0.0,1759,True,2.8717225771036388,3.241,AVL (A),1,3.317,LIV (H),1,3.175,HUL (A),1,3.47,NFO (H),1,2.917,BHA (A),1,3.241,16.12,10.898,
45,McGinn,John McGinn,MID,2,AVL,5.4,54,2.2,1.0,a,,50,87.66666666666667,gradient_boosting,0.0,-1719,True,2.8717225771036388,3.241,BRE (H),1,3.007,NEW (A),1,3.239,MCI (H),1,3.468,FUL (H),1,3.109,MUN (A),1,3.241,16.064,10.769,
388,Guéhi,Marc Guéhi,DEF,15,MCI,6.0,60,18.2,1.0,a,,50,90.0,gradient_boosting,0.0,-28489,True,2.802085151978452,3.236,LIV (A),1,4.215,IPS (H),1,3.883,AVL (A),1,3.19,BHA (H),1,3.497,NFO (A),1,3.236,18.021,12.159,
486,McAtee,James McAtee,MID,18,NFO,5.5,55,0.1,1.0,a,,50,84.33333333333333,gradient_boosting,0.0,-568,True,2.8717225771036388,3.22,CRY (A),1,3.075,ARS (H),1,3.076,IPS (A),1,2.749,BRE (A),1,3.015,MCI (H),1,3.22,15.135,10.291,
229,Tarkowski,James Tarkowski,DEF,9,EVE,6.2,62,16.6,1.0,a,,50,90.0,gradient_boosting,0.1,216293,True,2.802085151978452,3.212,HUL (A),1,3.362,CHE (H),1,3.036,ARS (A),1,3.332,NEW (A),1,4.314,COV (H),1,3.212,17.256,11.318,
644,Timber,Quinten Timber,MID,8,CRY,5.0,50,0.0,1.0,a,,3,84.33333333333333,gradient_boosting,0.0,145,True,2.8717225771036388,3.205,NFO (H),1,2.747,BHA (A),1,3.197,NEW (H),1,3.158,TOT (A),1,3.096,LIV (H),1,3.205,15.403,10.334,
516,Bentancur,Rodrigo Bentancur,MID,19,TOT,5.5,55,0.2,1.0,a,,50,78.33333333333333,gradient_boosting,0.0,-345,True,2.8717225771036388,3.198,MUN (A),1,3.109,COV (H),1,3.431,CHE (A),1,3.12,CRY (H),1,3.17,LEE (A),1,3.198,16.028,10.777,
279,Ajayi,Semi Ajayi,DEF,11,HUL,4.2,42,13.9,1.0,a,,5,90.0,gradient_boosting,0.0,-15695,True,2.802085151978452,3.197,EVE (H),1,3.671,FUL (A),1,2.697,BRE (H),1,3.798,IPS (H),1,3.064,ARS (A),1,3.197,16.427,11.059,
423,Shaw,Luke Shaw,DEF,16,MUN,4.3,43,7.7,1.0,a,,50,57.666666666666664,gradient_boosting,-0.1,-73698,True,2.802085151978452,3.195,TOT (H),1,2.293,LEE (A),1,2.932,BOU (H),1,2.858,CHE (A),1,3.127,AVL (H),1,3.195,14.405,9.65,
533,Mukiele,Nordi Mukiele,DEF,20,SUN,5.4,54,1.9,1.0,a,,42,90.0,gradient_boosting,0.0,-3736,True,2.802085151978452,3.188,BHA (H),1,4.093,BOU (A),1,3.451,LEE (H),1,4.015,COV (A),1,4.202,CHE (H),1,3.188,18.949,12.448,
591,Enciso,Julio Enciso,MID,12,IPS,5.5,55,0.8,1.0,a,,50,84.33333333333333,gradient_boosting,0.0,-3869,True,2.8717225771036388,3.187,FUL (H),1,2.641,MCI (A),1,3.07,NFO (H),1,2.801,HUL (A),1,3.187,BOU (H),1,3.187,14.886,10.004,
86,Lewis-Potter,Keane Lewis-Potter,MID,4,BRE,5.5,55,1.7,1.0,a,,50,76.33333333333333,gradient_boosting,0.0,-8412,True,2.8717225771036388,3.182,AVL (A),1,3.147,LIV (H),1,2.995,HUL (A),1,3.345,NFO (H),1,2.78,BHA (A),1,3.182,15.449,10.468,
282,Giles,Ryan Giles,DEF,11,HUL,4.0,40,2.9,1.0,a,,40,90.0,gradient_boosting,0.0,7552,True,2.802085151978452,3.169,EVE (H),1,3.059,FUL (A),1,2.83,BRE (H),1,3.703,IPS (H),1,2.715,ARS (A),1,3.169,15.476,10.435,
167,Delap,Liam Delap,FWD,18,NFO,5.6,56,2.7,1.0,a,,50,84.33333333333333,gradient_boosting,0.1,-3838,True,3.5854329730334533,3.169,CRY (A),1,3.189,ARS (H),1,3.169,IPS (A),1,2.886,BRE (A),1,3.234,MCI (H),1,3.169,15.647,10.551,
226,Pickford,Jordan Pickford,GK,9,EVE,5.5,55,9.1,1.0,a,,50,90.0,gradient_boosting,0.0,13236,True,2.517528275248518,3.165,HUL (A),1,3.361,CHE (H),1,3.165,ARS (A),1,3.415,NEW (A),1,3.686,COV (H),1,3.165,16.792,11.138,
155,Enzo,Enzo Fernández,MID,15,MCI,6.9,69,3.6,1.0,a,,50,82.0,gradient_boosting,0.0,16556,True,2.8717225771036388,3.16,LIV (A),1,3.704,IPS (H),1,3.518,AVL (A),1,3.304,BHA (H),1,3.4,NFO (A),1,3.16,17.086,11.459,
639,Andrés,José María Andrés Baixauli,MID,5,BHA,5.5,55,0.0,1.0,a,,3,36.333333333333336,gradient_boosting,0.0,2463,True,2.8717225771036388,3.151,SUN (A),1,3.351,CRY (H),1,2.975,LIV (A),1,2.881,MCI (A),1,3.084,BRE (H),1,3.151,15.442,10.474,
350,A.Becker,Alisson Becker,GK,14,LIV,5.5,55,4.1,1.0,a,,50,90.0,gradient_boosting,0.0,1739,True,2.517528275248518,3.149,MCI (H),1,2.992,BRE (A),1,3.149,BHA (H),1,3.148,ARS (H),1,3.439,CRY (A),1,3.149,15.877,10.578,
261,Iwobi,Alex Iwobi,MID,10,FUL,5.4,54,0.7,1.0,a,,50,76.0,gradient_boosting,0.0,278,True,2.8717225771036388,3.143,IPS (A),1,3.011,HUL (H),1,3.081,COV (A),1,3.081,AVL (A),1,3.129,NEW (H),1,3.143,15.445,10.383,
204,Mitchell,Tyrick Mitchell,DEF,8,CRY,4.5,45,6.1,1.0,a,,50,79.66666666666667,gradient_boosting,0.0,-1379,True,2.802085151978452,3.139,NFO (H),1,2.439,BHA (A),1,3.554,NEW (H),1,3.477,TOT (A),1,2.761,LIV (H),1,3.139,15.37,10.276,
634,Fernandez-Pardo,Matias Fernandez-Pardo,FWD,17,NEW,6.0,60,0.1,1.0,a,,3,52.333333333333336,gradient_boosting,0.0,650,True,3.5854329730334533,3.138,COV (A),1,3.089,AVL (H),1,3.022,CRY (A),1,3.001,EVE (H),1,2.962,FUL (A),1,3.138,15.212,10.293,
567,Horníček,Lukás Hornícek,GK,17,NEW,5.0,50,1.5,1.0,a,,5,90.0,gradient_boosting,0.0,2244,True,2.517528275248518,3.127,COV (A),1,3.059,AVL (H),1,3.081,CRY (A),1,2.774,EVE (H),1,3.081,FUL (A),1,3.127,15.122,10.228,
295,McBurnie,Oli McBurnie,FWD,11,HUL,5.5,55,1.9,1.0,a,,42,87.0,gradient_boosting,0.0,-9971,True,3.5854329730334533,3.127,EVE (H),1,3.018,FUL (A),1,3.117,BRE (H),1,3.3,IPS (H),1,2.894,ARS (A),1,3.127,15.456,10.411,
201,Muñoz,Daniel Muñoz Mejía,DEF,18,NFO,5.4,54,5.7,1.0,a,,50,67.66666666666667,gradient_boosting,0.0,-22506,True,2.802085151978452,3.122,CRY (A),1,2.437,ARS (H),1,3.072,IPS (A),1,2.13,BRE (A),1,2.671,MCI (H),1,3.122,13.432,9.222,
202,Richards,Chris Richards,DEF,8,CRY,4.9,49,0.6,1.0,a,,50,90.0,gradient_boosting,-0.1,-595,True,2.802085151978452,3.117,NFO (H),1,2.515,BHA (A),1,3.072,NEW (H),1,3.199,TOT (A),1,2.799,LIV (H),1,3.117,14.702,9.879,
154,Palmer,Cole Palmer,MID,6,CHE,9.7,97,25.6,0.75,d,Muscular injury - 75% chance of playing,50,90.0,gradient_boosting,0.0,-124221,True,2.8717225771036388,3.101,BOU (H),1,2.794,EVE (A),1,3.25,TOT (H),1,3.025,MUN (H),1,2.932,SUN (A),1,3.101,15.102,10.166,Availability flag
96,Damsgaard,Mikkel Damsgaard,MID,4,BRE,5.4,54,0.4,1.0,a,,50,67.0,gradient_boosting,0.0,-360,True,2.8717225771036388,3.098,AVL (A),1,3.106,LIV (H),1,2.959,HUL (A),1,3.214,NFO (H),1,2.808,BHA (A),1,3.098,15.185,10.272,
166,N.Jackson,Nicolas Jackson,FWD,2,AVL,6.5,65,1.5,1.0,a,,50,72.0,gradient_boosting,0.0,29147,True,3.5854329730334533,3.097,BRE (H),1,3.086,NEW (A),1,2.995,MCI (H),1,3.432,FUL (H),1,3.086,MUN (A),1,3.097,15.696,10.504,
650,Affengruber,David Affengruber,DEF,10,FUL,4.5,45,0.1,1.0,a,,3,60.0,gradient_boosting,0.0,4712,True,2.802085151978452,3.089,IPS (A),1,2.476,HUL (H),1,3.182,COV (A),1,3.137,AVL (A),1,2.841,NEW (H),1,3.089,14.725,9.876,
73,Adams,Tyler Adams,MID,3,BOU,5.0,50,0.3,1.0,a,,50,81.0,gradient_boosting,0.0,-548,True,2.8717225771036388,3.081,CHE (A),1,3.124,SUN (H),1,2.89,MUN (A),1,3.027,LEE (H),1,2.911,IPS (A),1,3.081,15.033,10.172,
114,Boscagli,Olivier Boscagli,DEF,5,BHA,4.5,45,0.3,1.0,a,,42,85.66666666666667,gradient_boosting,0.0,1301,True,2.802085151978452,3.075,SUN (A),1,3.19,CRY (H),1,2.8,LIV (A),1,2.647,MCI (A),1,2.697,BRE (H),1,3.075,14.409,9.879,
580,Charles,Shea Charles,MID,10,FUL,5.0,50,0.1,1.0,a,,50,86.0,gradient_boosting,0.0,198,True,2.8717225771036388,3.074,IPS (A),1,3.425,HUL (H),1,3.146,COV (A),1,3.146,AVL (A),1,3.275,NEW (H),1,3.074,16.066,10.78,
57,Petrović,Đorđe Petrović,GK,3,BOU,4.5,45,3.0,1.0,a,,50,90.0,gradient_boosting,0.0,-5615,True,2.517528275248518,3.048,CHE (A),1,3.199,SUN (H),1,3.167,MUN (A),1,2.953,LEE (H),1,3.167,IPS (A),1,3.048,15.534,10.443,
385,Trafford,James Trafford,GK,13,LEE,5.0,50,5.5,1.0,a,,50,90.0,gradient_boosting,0.0,7718,True,2.517528275248518,3.048,ARS (A),1,3.381,MUN (H),1,3.35,SUN (A),1,3.35,BOU (A),1,3.354,TOT (H),1,3.048,16.483,10.986,
129,Ayari,Yasin Ayari,MID,5,BHA,5.4,54,0.4,1.0,a,,50,90.0,gradient_boosting,0.0,344,True,2.8717225771036388,3.037,SUN (A),1,3.31,CRY (H),1,2.821,LIV (A),1,2.685,MCI (A),1,2.922,BRE (H),1,3.037,14.775,10.062,
503,Van de Ven,Micky van de Ven,DEF,19,TOT,5.0,50,3.8,1.0,a,,50,90.0,gradient_boosting,0.0,-14058,True,2.802085151978452,3.025,MUN (A),1,3.581,COV (H),1,3.747,CHE (A),1,3.682,CRY (H),1,2.629,LEE (A),1,3.025,16.664,11.25,
211,Yeremy,Yéremy Pino Santos,MID,8,CRY,5.5,55,0.3,1.0,a,,40,68.33333333333333,gradient_boosting,0.0,-1959,True,2.8717225771036388,3.014,NFO (H),1,2.536,BHA (A),1,2.9,NEW (H),1,2.863,TOT (A),1,2.885,LIV (H),1,3.014,14.198,9.546,
82,Kelleher,Caoimhín Kelleher,GK,4,BRE,5.0,50,6.1,1.0,a,,50,90.0,gradient_boosting,0.0,6402,True,2.517528275248518,2.995,AVL (A),1,2.768,LIV (H),1,2.737,HUL (A),1,2.867,NFO (H),1,2.71,BHA (A),1,2.995,14.077,9.539,
598,Elvedi,Nico Elvedi,DEF,13,LEE,4.5,45,0.1,1.0,a,,5,90.0,gradient_boosting,0.0,-8,True,2.802085151978452,2.988,ARS (A),1,3.616,MUN (H),1,3.607,SUN (A),1,3.444,BOU (A),1,3.789,TOT (H),1,2.988,17.444,11.505,
569,Gonzalo,Gonzalo García,FWD,10,FUL,6.0,60,4.0,1.0,a,,5,81.66666666666667,gradient_boosting,0.0,37892,True,3.5854329730334533,2.987,IPS (A),1,3.117,HUL (H),1,3.047,COV (A),1,3.035,AVL (A),1,3.137,NEW (H),1,2.987,15.323,10.27,
460,Willock,Joe Willock,MID,17,NEW,5.0,50,0.6,1.0,a,,50,60.0,gradient_boosting,0.0,7051,True,2.8717225771036388,2.972,COV (A),1,3.179,AVL (H),1,3.126,CRY (A),1,3.14,EVE (H),1,2.972,FUL (A),1,2.972,15.389,10.341,
455,Tonali,Sandro Tonali,MID,19,TOT,5.3,53,1.8,1.0,a,,50,87.66666666666667,gradient_boosting,-0.1,-12932,True,2.8717225771036388,2.959,MUN (A),1,3.252,COV (H),1,2.992,CHE (A),1,3.293,CRY (H),1,2.81,LEE (A),1,2.959,15.306,10.312,
110,Rushworth,Carl Rushworth,GK,7,COV,4.5,45,0.8,1.0,a,,50,90.0,gradient_boosting,0.0,-3357,True,2.517528275248518,2.945,NEW (H),1,3.3,TOT (A),1,2.834,FUL (H),1,2.945,SUN (H),1,2.696,EVE (A),1,2.945,14.72,10.011,
579,Araujo,Ronald Araujo,DEF,14,LIV,5.4,54,3.0,1.0,a,,5,83.66666666666667,gradient_boosting,0.0,6751,True,2.802085151978452,2.929,MCI (H),1,2.634,BRE (A),1,2.929,BHA (H),1,2.987,ARS (H),1,3.473,CRY (A),1,2.929,14.952,9.863,
401,Marmoush,Omar Marmoush,FWD,19,TOT,7.0,70,2.1,1.0,a,,50,83.0,gradient_boosting,0.0,-9948,True,3.5854329730334533,2.929,MUN (A),1,3.554,COV (H),1,3.088,CHE (A),1,3.332,CRY (H),1,2.856,LEE (A),1,2.929,15.759,10.624,
445,Thiaw,Malick Thiaw,DEF,17,NEW,5.0,50,2.2,1.0,a,,43,90.0,gradient_boosting,0.0,-1440,True,2.802085151978452,2.908,COV (A),1,3.191,AVL (H),1,2.932,CRY (A),1,2.661,EVE (H),1,2.796,FUL (A),1,2.908,14.488,9.845,
330,Bogle,Jayden Bogle,DEF,13,LEE,4.6,46,7.3,1.0,a,,50,69.33333333333333,gradient_boosting,0.0,101412,True,2.802085151978452,2.864,ARS (A),1,3.482,MUN (H),1,3.768,SUN (A),1,3.493,BOU (A),1,3.759,TOT (H),1,2.864,17.366,11.389,
79,Evanilson,Francisco Evanilson de Lima Barbosa,FWD,3,BOU,6.0,60,3.2,1.0,a,,50,90.0,gradient_boosting,0.0,-2945,True,3.5854329730334533,2.863,CHE (A),1,3.195,SUN (H),1,2.863,MUN (A),1,3.193,LEE (H),1,2.872,IPS (A),1,2.863,14.986,10.063,
597,Suzuki,Zion Suzuki,GK,2,AVL,5.0,50,1.9,1.0,a,,5,90.0,gradient_boosting,0.0,7137,True,2.517528275248518,2.858,BRE (H),1,3.548,NEW (A),1,3.143,MCI (H),1,3.452,FUL (H),1,3.548,MUN (A),1,2.858,16.549,10.929,
237,Ndiaye,Iliman Ndiaye,MID,15,MCI,5.8,58,6.7,1.0,a,,50,68.33333333333333,gradient_boosting,-0.1,-62368,True,2.8717225771036388,2.856,LIV (A),1,3.257,IPS (H),1,3.013,AVL (A),1,2.992,BHA (H),1,2.973,NFO (A),1,2.856,15.091,10.14,
91,Pinnock,Ethan Pinnock,DEF,7,COV,4.5,45,0.1,1.0,a,,50,90.0,gradient_boosting,0.0,171,True,2.802085151978452,2.848,NEW (H),1,2.993,TOT (A),1,2.856,FUL (H),1,2.973,SUN (H),1,2.647,EVE (A),1,2.848,14.317,9.677,
367,Gakpo,Cody Gakpo,MID,14,LIV,7.2,72,12.3,0.75,d,Ankle injury - 75% chance of playing,50,70.0,gradient_boosting,0.0,-44408,True,2.8717225771036388,2.847,MCI (H),1,2.612,BRE (A),1,2.847,BHA (H),1,2.903,ARS (H),1,3.056,CRY (A),1,2.847,14.265,9.497,Availability flag
31,Konsa,Ezri Konsa Ngoyo,DEF,1,ARS,4.6,46,19.4,1.0,a,,50,90.0,gradient_boosting,0.1,44869,True,2.802085151978452,2.837,LEE (H),1,2.861,NFO (A),1,2.817,EVE (H),1,2.715,LIV (A),1,2.817,HUL (H),1,2.837,14.047,9.473,
558,Schlager,Xaver Schlager,MID,18,NFO,5.0,50,0.1,1.0,a,,5,90.0,gradient_boosting,0.0,-571,True,2.8717225771036388,2.836,CRY (A),1,2.796,ARS (H),1,2.775,IPS (A),1,2.55,BRE (A),1,2.739,MCI (H),1,2.836,13.696,9.276,
200,Lacroix,Maxence Lacroix,DEF,6,CHE,5.9,59,6.8,1.0,a,,50,61.333333333333336,gradient_boosting,-0.1,-21628,True,2.802085151978452,2.83,BOU (H),1,2.519,EVE (A),1,3.026,TOT (H),1,2.764,MUN (H),1,2.818,SUN (A),1,2.83,13.957,9.351,
138,Kostoulas,Charalampos Kostoulas,FWD,5,BHA,5.6,56,4.3,1.0,a,,42,82.66666666666667,gradient_boosting,0.1,301149,True,3.5854329730334533,2.813,SUN (A),1,3.135,CRY (H),1,2.649,LIV (A),1,2.662,MCI (A),1,2.927,BRE (H),1,2.813,14.186,9.578,
290,Slater,Regan Slater,MID,11,HUL,4.5,45,5.2,1.0,a,,5,85.66666666666667,gradient_boosting,0.0,-21929,True,2.8717225771036388,2.811,EVE (H),1,2.722,FUL (A),1,2.717,BRE (H),1,2.952,IPS (H),1,2.561,ARS (A),1,2.811,13.763,9.288,
194,Thomas-Asante,Brandon Thomas-Asante,FWD,7,COV,5.0,50,0.8,1.0,a,,5,42.0,gradient_boosting,0.0,2275,True,3.5854329730334533,2.799,NEW (H),1,2.658,TOT (A),1,2.809,FUL (H),1,2.908,SUN (H),1,2.504,EVE (A),1,2.799,13.678,9.238,
379,Isak,Alexander Isak,FWD,14,LIV,9.1,91,22.3,0.75,d,Thigh injury - 75% chance of playing,50,77.66666666666667,gradient_boosting,0.0,27116,True,3.5854329730334533,2.789,MCI (H),1,2.593,BRE (A),1,2.789,BHA (H),1,2.949,ARS (H),1,2.796,CRY (A),1,2.789,13.916,9.303,Availability flag
649,Maitland-Niles,Ainsley Maitland-Niles,DEF,9,EVE,4.5,45,1.4,1.0,a,,3,59.0,gradient_boosting,0.0,14873,True,2.802085151978452,2.771,HUL (A),1,3.563,CHE (H),1,2.685,ARS (A),1,3.022,NEW (A),1,3.635,COV (H),1,2.771,15.676,10.376,
581,Diomande,Ousmane Diomande,DEF,18,NFO,5.4,54,0.5,1.0,a,,5,54.333333333333336,gradient_boosting,0.0,-740,True,2.802085151978452,2.753,CRY (A),1,2.328,ARS (H),1,2.738,IPS (A),1,2.071,BRE (A),1,2.37,MCI (H),1,2.753,12.26,8.399,
244,Armstrong,Harrison Armstrong,MID,9,EVE,5.0,50,0.4,1.0,a,,50,90.0,gradient_boosting,0.0,-2493,True,2.8717225771036388,2.744,HUL (A),1,3.061,CHE (H),1,2.673,ARS (A),1,2.831,NEW (A),1,3.056,COV (H),1,2.744,14.365,9.605,
474,Jair Cunha,Jair Paula da Cunha Filho,DEF,18,NFO,4.5,45,0.2,1.0,a,,43,60.0,gradient_boosting,0.0,-385,True,2.802085151978452,2.744,CRY (A),1,2.361,ARS (H),1,2.728,IPS (A),1,2.007,BRE (A),1,2.336,MCI (H),1,2.744,12.176,8.363,
397,Semenyo,Antoine Semenyo,MID,15,MCI,8.4,84,15.3,0.75,d,Ankle injury - 75% chance of playing,50,90.0,gradient_boosting,0.0,55087,True,2.8717225771036388,2.738,LIV (A),1,3.222,IPS (H),1,2.97,AVL (A),1,2.714,BHA (H),1,2.913,NFO (A),1,2.738,14.557,9.799,Availability flag
104,Onyeka,Frank Onyeka,MID,7,COV,4.9,49,0.1,1.0,a,,50,74.66666666666667,gradient_boosting,0.0,-278,True,2.8717225771036388,2.718,NEW (H),1,2.636,TOT (A),1,2.767,FUL (H),1,2.761,SUN (H),1,2.597,EVE (A),1,2.718,13.479,9.075,
502,Robertson,Andrew Robertson,DEF,19,TOT,4.4,44,2.5,1.0,a,,50,69.66666666666667,gradient_boosting,0.0,-7318,True,2.802085151978452,2.715,MUN (A),1,3.427,COV (H),1,3.303,CHE (A),1,3.425,CRY (H),1,2.395,LEE (A),1,2.715,15.265,10.305,
384,Donnarumma,Gianluigi Donnarumma,GK,15,MCI,5.5,55,7.6,1.0,a,,38,90.0,gradient_boosting,0.0,-20134,True,2.517528275248518,2.706,LIV (A),1,3.103,IPS (H),1,3.054,AVL (A),1,2.726,BHA (H),1,2.879,NFO (A),1,2.706,14.468,9.718,
277,Egan,John Egan,DEF,11,HUL,4.1,41,7.0,1.0,a,,42,85.66666666666667,gradient_boosting,0.0,-2429,True,2.802085151978452,2.701,EVE (H),1,2.843,FUL (A),1,2.479,BRE (H),1,3.119,IPS (H),1,2.549,ARS (A),1,2.701,13.691,9.203,
88,Kayode,Michael Kayode,DEF,4,BRE,4.6,46,7.6,1.0,a,,50,44.0,gradient_boosting,0.0,-8028,True,2.802085151978452,2.698,AVL (A),1,2.284,LIV (H),1,2.204,HUL (A),1,2.485,NFO (H),1,2.048,BHA (A),1,2.698,11.719,8.047,
617,Cho,Mohamed-Ali Cho,MID,11,HUL,5.0,50,0.0,1.0,a,,4,21.666666666666668,gradient_boosting,0.0,202,True,2.8717225771036388,2.686,EVE (H),1,2.558,FUL (A),1,2.592,BRE (H),1,2.88,IPS (H),1,2.413,ARS (A),1,2.686,13.129,8.854,
267,Lukić,Saša Lukić,MID,12,IPS,4.9,49,0.1,1.0,a,,50,79.33333333333333,gradient_boosting,-0.1,-337,True,2.8717225771036388,2.682,FUL (H),1,2.283,MCI (A),1,2.59,NFO (H),1,2.364,HUL (A),1,2.682,BOU (H),1,2.682,12.601,8.475,
362,Jacquet,Jeremy Jacquet,DEF,14,LIV,5.0,50,3.5,1.0,a,,5,90.0,gradient_boosting,0.0,20818,True,2.802085151978452,2.68,MCI (H),1,2.345,BRE (A),1,2.68,BHA (H),1,2.776,ARS (H),1,3.473,CRY (A),1,2.68,13.954,9.115,
390,Rúben,Rúben dos Santos Gato Alves Dias,DEF,15,MCI,5.5,55,1.9,1.0,a,,50,90.0,gradient_boosting,0.0,-4442,True,2.802085151978452,2.675,LIV (A),1,3.511,IPS (H),1,3.124,AVL (A),1,2.726,BHA (H),1,2.842,NFO (A),1,2.675,14.878,10.043,
529,Roefs,Robin Roefs,GK,20,SUN,4.9,49,2.4,1.0,a,,43,90.0,gradient_boosting,0.0,-9760,True,2.517528275248518,2.667,BHA (H),1,2.962,BOU (A),1,2.634,LEE (H),1,3.138,COV (A),1,2.909,CHE (H),1,2.667,14.31,9.521,
432,Mainoo,Kobbie Mainoo,MID,16,MUN,5.5,55,1.6,0.75,d,Unspecified injury - 75% chance of playing,50,84.0,gradient_boosting,0.0,-7743,True,2.8717225771036388,2.649,TOT (H),1,2.404,LEE (A),1,2.649,BOU (H),1,2.595,CHE (A),1,2.649,AVL (H),1,2.649,12.946,8.681,Availability flag
13,Rice,Declan Rice,MID,1,ARS,7.4,74,11.6,0.75,d,Unspecified injury - 75% chance of playing,50,86.66666666666667,gradient_boosting,0.0,-78714,True,2.8717225771036388,2.621,LEE (H),1,2.514,NFO (A),1,2.636,EVE (H),1,2.391,LIV (A),1,2.636,HUL (H),1,2.621,12.798,8.623,Availability flag
429,Rashford,Marcus Rashford,MID,16,MUN,7.0,70,1.5,0.75,d,Unspecified injury - 75% chance of playing,50,75.66666666666667,gradient_boosting,0.0,-13856,True,2.8717225771036388,2.592,TOT (H),1,2.251,LEE (A),1,2.504,BOU (H),1,2.617,CHE (A),1,2.592,AVL (H),1,2.592,12.556,8.397,Availability flag
583,Chavarria,Pep Chavarría,DEF,6,CHE,4.9,49,0.1,1.0,a,,5,55.0,gradient_boosting,0.0,-128,True,2.802085151978452,2.582,BOU (H),1,2.071,EVE (A),1,2.846,TOT (H),1,2.515,MUN (H),1,2.525,SUN (A),1,2.582,12.539,8.382,
501,Danso,Kevin Danso,DEF,20,SUN,5.0,50,0.2,1.0,a,,50,90.0,gradient_boosting,0.0,325,True,2.802085151978452,2.575,BHA (H),1,2.906,BOU (A),1,2.823,LEE (H),1,2.985,COV (A),1,3.122,CHE (H),1,2.575,14.411,9.514,
358,Kerkez,Milos Kerkez,DEF,14,LIV,5.3,53,2.2,1.0,a,,50,75.0,gradient_boosting,-0.1,-8005,True,2.802085151978452,2.571,MCI (H),1,2.218,BRE (A),1,2.571,BHA (H),1,2.497,ARS (H),1,3.007,CRY (A),1,2.571,12.864,8.501,
619,Palacios,Exequiel Palacios,MID,12,IPS,5.0,50,0.1,1.0,a,,4,82.33333333333333,gradient_boosting,0.0,-324,True,2.8717225771036388,2.552,FUL (H),1,2.251,MCI (A),1,2.512,NFO (H),1,2.364,HUL (A),1,2.552,BOU (H),1,2.552,12.231,8.216,
47,Kamara,Boubacar Kamara,MID,2,AVL,5.0,50,0.3,1.0,a,,50,87.66666666666667,gradient_boosting,0.0,-258,True,2.8717225771036388,2.546,BRE (H),1,2.402,NEW (A),1,2.511,MCI (H),1,2.66,FUL (H),1,2.428,MUN (A),1,2.546,12.547,8.431,
145,Fofana,Wesley Fofana,DEF,6,CHE,5.0,50,0.2,1.0,a,,50,81.66666666666667,gradient_boosting,0.0,1240,True,2.802085151978452,2.546,BOU (H),1,2.205,EVE (A),1,2.773,TOT (H),1,2.505,MUN (H),1,2.475,SUN (A),1,2.546,12.504,8.381,
33,Mings,Tyrone Mings,DEF,2,AVL,4.5,45,0.4,1.0,a,,50,81.66666666666667,gradient_boosting,0.0,323,True,2.802085151978452,2.546,BRE (H),1,2.934,NEW (A),1,2.65,MCI (H),1,3.132,FUL (H),1,2.858,MUN (A),1,2.546,14.12,9.363,
112,Van Hecke,Jan Paul van Hecke,DEF,19,TOT,4.9,49,6.5,0.75,d,Foot injury - 75% chance of playing,50,90.0,gradient_boosting,0.0,-12734,True,2.802085151978452,2.542,MUN (A),1,3.028,COV (H),1,3.017,CHE (A),1,3.181,CRY (H),1,2.074,LEE (A),1,2.542,13.842,9.373,Availability flag
568,Barco,Valentín Barco,MID,6,CHE,5.4,54,0.1,1.0,a,,50,35.666666666666664,gradient_boosting,0.0,-218,True,2.8717225771036388,2.542,BOU (H),1,2.492,EVE (A),1,2.547,TOT (H),1,2.512,MUN (H),1,2.511,SUN (A),1,2.542,12.604,8.48,
199,Benitez,Walter Benítez,GK,8,CRY,4.5,45,0.1,1.0,a,,42,60.0,gradient_boosting,0.0,318,True,2.517528275248518,2.54,NFO (H),1,2.455,BHA (A),1,2.605,NEW (H),1,2.62,TOT (A),1,2.481,LIV (H),1,2.54,12.701,8.529,
238,Grealish,Jack Grealish,MID,9,EVE,6.5,65,0.5,1.0,a,,50,42.333333333333336,gradient_boosting,0.0,818,True,2.8717225771036388,2.519,HUL (A),1,2.721,CHE (H),1,2.448,ARS (A),1,2.522,NEW (A),1,2.683,COV (H),1,2.519,12.893,8.653,
53,Manzambi,Johan Manzambi,MID,2,AVL,5.9,59,0.4,1.0,a,,5,32.666666666666664,gradient_boosting,0.0,25157,True,2.8717225771036388,2.516,BRE (H),1,2.442,NEW (A),1,2.495,MCI (H),1,2.643,FUL (H),1,2.505,MUN (A),1,2.516,12.601,8.446,
265,Berge,Sander Berge,MID,10,FUL,4.9,49,0.3,1.0,a,,50,65.0,gradient_boosting,0.0,-680,True,2.8717225771036388,2.51,IPS (A),1,2.629,HUL (H),1,2.502,COV (A),1,2.502,AVL (A),1,2.554,NEW (H),1,2.51,12.697,8.542,
331,Gudmundsson,Gabriel Gudmundsson,DEF,13,LEE,4.5,45,0.1,1.0,a,,42,84.0,gradient_boosting,0.0,205,True,2.802085151978452,2.504,ARS (A),1,2.868,MUN (H),1,2.964,SUN (A),1,2.72,BOU (A),1,3.148,TOT (H),1,2.504,14.204,9.377,
592,Ouattara,Abdoul Ouattara,DEF,12,IPS,4.0,40,0.9,1.0,a,,5,34.666666666666664,gradient_boosting,0.0,-1408,True,2.802085151978452,2.485,FUL (H),1,2.101,MCI (A),1,2.321,NFO (H),1,2.085,HUL (A),1,2.485,BOU (H),1,2.485,11.477,7.737,
313,Clarke,Jack Clarke,MID,12,IPS,5.4,54,0.2,1.0,a,,41,50.333333333333336,gradient_boosting,0.0,-796,True,2.8717225771036388,2.471,FUL (H),1,2.081,MCI (A),1,2.419,NFO (H),1,2.249,HUL (A),1,2.471,BOU (H),1,2.471,11.691,7.848,
483,Ndoye,Dan Ndoye,MID,18,NFO,5.5,55,0.7,1.0,a,,43,63.333333333333336,gradient_boosting,0.0,-7412,True,2.8717225771036388,2.453,CRY (A),1,2.344,ARS (H),1,2.403,IPS (A),1,2.055,BRE (A),1,2.273,MCI (H),1,2.453,11.528,7.849,
184,Grimes,Matt Grimes,MID,7,COV,4.9,49,0.1,1.0,a,,5,87.66666666666667,gradient_boosting,0.0,-688,True,2.8717225771036388,2.43,NEW (H),1,2.403,TOT (A),1,2.491,FUL (H),1,2.486,SUN (H),1,2.174,EVE (A),1,2.43,11.984,8.11,
75,Christie,Ryan Christie,MID,3,BOU,5.0,50,0.0,1.0,a,,50,33.0,gradient_boosting,0.0,49,True,2.8717225771036388,2.409,CHE (A),1,2.46,SUN (H),1,2.34,MUN (A),1,2.391,LEE (H),1,2.391,IPS (A),1,2.409,11.991,8.078,
336,Okafor,Noah Okafor,MID,13,LEE,5.8,58,0.4,1.0,a,,41,69.0,gradient_boosting,0.0,-1630,True,2.8717225771036388,2.406,ARS (A),1,2.517,MUN (H),1,2.454,SUN (A),1,2.454,BOU (A),1,2.545,TOT (H),1,2.406,12.376,8.289,
64,Smith,Adam Smith,DEF,3,BOU,4.5,45,0.1,1.0,a,,50,84.66666666666667,gradient_boosting,0.0,-87,True,2.802085151978452,2.397,CHE (A),1,2.66,SUN (H),1,2.312,MUN (A),1,2.105,LEE (H),1,2.419,IPS (A),1,2.397,11.893,8.073,
37,Lindelöf,Victor Lindelöf,DEF,2,AVL,4.5,45,0.3,1.0,a,,50,90.0,gradient_boosting,0.0,-253,True,2.802085151978452,2.391,BRE (H),1,2.869,NEW (A),1,2.568,MCI (H),1,3.0,FUL (H),1,2.804,MUN (A),1,2.391,13.632,9.014,
345,Tanaka,Tanaka Ao,MID,13,LEE,4.9,49,0.3,1.0,a,,42,70.0,gradient_boosting,0.0,-25,True,2.8717225771036388,2.385,ARS (A),1,2.546,MUN (H),1,2.497,SUN (A),1,2.497,BOU (A),1,2.607,TOT (H),1,2.385,12.532,8.366,
300,Walton,Christian Walton,GK,12,IPS,4.4,44,0.4,1.0,a,,43,30.0,gradient_boosting,0.0,658,True,2.517528275248518,2.382,FUL (H),1,2.345,MCI (A),1,2.43,NFO (H),1,2.41,HUL (A),1,2.382,BOU (H),1,2.382,11.949,8.023,
203,Canvot,Jaydee Canvot,DEF,8,CRY,4.8,48,0.2,1.0,a,,39,60.0,gradient_boosting,-0.1,-456,True,2.802085151978452,2.381,NFO (H),1,1.837,BHA (A),1,2.425,NEW (H),1,2.498,TOT (A),1,2.117,LIV (H),1,2.381,11.258,7.549,
102,Yarmoliuk,Yehor Yarmoliuk,MID,4,BRE,4.8,48,0.6,1.0,a,,50,57.333333333333336,gradient_boosting,0.0,-2000,True,2.8717225771036388,2.368,AVL (A),1,2.425,LIV (H),1,2.279,HUL (A),1,2.48,NFO (H),1,2.194,BHA (A),1,2.368,11.746,7.935,
545,Sadiki,Noah Sadiki,MID,20,SUN,4.9,49,0.2,1.0,a,,43,76.66666666666667,gradient_boosting,0.0,-964,True,2.8717225771036388,2.367,BHA (H),1,2.386,BOU (A),1,2.429,LEE (H),1,2.4,COV (A),1,2.694,CHE (H),1,2.367,12.276,8.163,
280,Coyle,Lewie Coyle,DEF,11,HUL,4.0,40,0.7,1.0,a,,5,78.0,gradient_boosting,0.0,29,True,2.802085151978452,2.353,EVE (H),1,2.443,FUL (A),1,2.068,BRE (H),1,2.683,IPS (H),1,2.216,ARS (A),1,2.353,11.763,7.912,
28,Martinez,Emiliano Martínez Romero,GK,6,CHE,5.0,50,4.7,1.0,a,,50,90.0,gradient_boosting,0.0,-14502,True,2.517528275248518,2.335,BOU (H),1,1.967,EVE (A),1,2.712,TOT (H),1,2.369,MUN (H),1,2.446,SUN (A),1,2.335,11.829,7.859,
452,Bruno G.,Bruno Guimarães Rodriguez Moura,MID,1,ARS,6.7,67,1.8,1.0,a,,50,34.666666666666664,gradient_boosting,0.0,-1924,True,2.8717225771036388,2.334,LEE (H),1,2.33,NFO (A),1,2.385,EVE (H),1,2.214,LIV (A),1,2.385,HUL (H),1,2.334,11.648,7.835,
552,Brobbey,Brian Brobbey,FWD,20,SUN,5.7,57,6.9,0.75,d,Hamstring injury - 75% chance of playing,40,90.0,gradient_boosting,-0.1,148109,True,3.5854329730334533,2.333,BHA (H),1,2.2,BOU (A),1,2.581,LEE (H),1,2.294,COV (A),1,2.495,CHE (H),1,2.333,11.903,7.941,Availability flag
457,J.Murphy,Jacob Murphy,MID,17,NEW,5.9,59,0.1,1.0,a,,50,53.0,gradient_boosting,0.0,181,True,2.8717225771036388,2.33,COV (A),1,2.461,AVL (H),1,2.321,CRY (A),1,2.395,EVE (H),1,2.33,FUL (A),1,2.33,11.837,7.965,
525,Fernandes,Mateus Fernandes,MID,19,TOT,5.7,57,0.8,1.0,a,,50,38.0,gradient_boosting,-0.1,-6293,True,2.8717225771036388,2.33,MUN (A),1,2.543,COV (H),1,2.391,CHE (A),1,2.63,CRY (H),1,2.273,LEE (A),1,2.33,12.167,8.172,
491,Igor Jesus,Igor Jesus Maciel da Cruz,FWD,18,NFO,5.8,58,2.6,1.0,a,,43,25.666666666666668,gradient_boosting,0.0,-15977,True,3.5854329730334533,2.305,CRY (A),1,2.037,ARS (H),1,2.305,IPS (A),1,1.945,BRE (A),1,1.999,MCI (H),1,2.305,10.591,7.224,
377,Munoz,Victor Munoz,MID,14,LIV,6.5,65,0.9,1.0,a,,5,46.666666666666664,gradient_boosting,0.0,-10126,True,2.8717225771036388,2.281,MCI (H),1,2.148,BRE (A),1,2.281,BHA (H),1,2.336,ARS (H),1,2.507,CRY (A),1,2.281,11.553,7.682,
54,Gomes,Joao Gomes,MID,2,AVL,5.5,55,0.0,1.0,a,,50,30.0,gradient_boosting,0.0,277,True,2.8717225771036388,2.262,BRE (H),1,2.253,NEW (A),1,2.246,MCI (H),1,2.391,FUL (H),1,2.265,MUN (A),1,2.262,11.417,7.654,
570,Palacios,César Palacios,MID,10,FUL,5.4,54,0.2,1.0,a,,5,26.333333333333332,gradient_boosting,0.0,-241,True,2.8717225771036388,2.261,IPS (A),1,2.285,HUL (H),1,2.506,COV (A),1,2.238,AVL (A),1,2.235,NEW (H),1,2.261,11.525,7.754,
512,Kudus,Mohammed Kudus,MID,19,TOT,6.5,65,0.2,1.0,a,,50,33.666666666666664,gradient_boosting,0.0,1158,True,2.8717225771036388,2.257,MUN (A),1,2.344,COV (H),1,2.552,CHE (A),1,2.385,CRY (H),1,2.166,LEE (A),1,2.257,11.704,7.874,
557,Tzolis,Christos Tzolis,MID,1,ARS,6.3,63,12.1,0.75,d,Hamstring injury - 75% chance of playing,5,80.66666666666667,gradient_boosting,-0.1,-132805,True,2.8717225771036388,2.257,LEE (H),1,2.147,NFO (A),1,2.271,EVE (H),1,2.108,LIV (A),1,2.271,HUL (H),1,2.257,11.054,7.438,Availability flag
149,Colwill,Levi Samuels Colwill,DEF,6,CHE,4.8,48,0.9,1.0,a,,50,60.0,gradient_boosting,-0.1,-4387,True,2.802085151978452,2.239,BOU (H),1,2.026,EVE (A),1,2.435,TOT (H),1,2.173,MUN (H),1,2.213,SUN (A),1,2.239,11.086,7.437,
541,Meunier,Thomas Meunier,DEF,20,SUN,4.5,45,0.3,1.0,a,,5,72.0,gradient_boosting,0.0,769,True,2.802085151978452,2.238,BHA (H),1,2.699,BOU (A),1,2.333,LEE (H),1,2.648,COV (A),1,2.784,CHE (H),1,2.238,12.702,8.386,
575,Yirenkyi,Caleb Yirenkyi,MID,7,COV,4.8,48,0.1,1.0,a,,5,44.666666666666664,gradient_boosting,-0.1,-722,True,2.8717225771036388,2.226,NEW (H),1,2.239,TOT (A),1,2.287,FUL (H),1,2.282,SUN (H),1,2.103,EVE (A),1,2.226,11.137,7.511,
233,Mykolenko,Vitalii Mykolenko,DEF,9,EVE,4.6,46,4.2,0.75,d,Leg injury - 75% chance of playing,50,90.0,gradient_boosting,0.1,18273,True,2.802085151978452,2.213,HUL (A),1,3.218,CHE (H),1,2.168,ARS (A),1,2.581,NEW (A),1,2.841,COV (H),1,2.213,13.021,8.66,Availability flag
642,Thomas,Sorba Thomas,MID,11,HUL,5.5,55,0.0,1.0,a,,3,39.666666666666664,gradient_boosting,0.0,135,True,2.8717225771036388,2.187,EVE (H),1,2.146,FUL (A),1,2.053,BRE (H),1,2.197,IPS (H),1,2.052,ARS (A),1,2.187,10.635,7.183,
585,Herrington,Lucas Herrington,DEF,11,HUL,4.0,40,0.6,1.0,a,,5,46.666666666666664,gradient_boosting,0.0,-656,True,2.802085151978452,2.186,EVE (H),1,2.479,FUL (A),1,2.103,BRE (H),1,2.638,IPS (H),1,2.104,ARS (A),1,2.186,11.51,7.728,
136,Welbeck,Danny Welbeck,FWD,6,CHE,5.9,59,1.0,1.0,a,,50,28.333333333333332,gradient_boosting,0.0,-1596,True,3.5854329730334533,2.172,BOU (H),1,2.019,EVE (A),1,2.383,TOT (H),1,2.102,MUN (H),1,2.095,SUN (A),1,2.172,10.771,7.247,
656,Mfuni,Stephen Mfuni,DEF,7,COV,4.0,40,0.1,1.0,a,,35,30.0,gradient_boosting,0.0,1013,True,2.802085151978452,2.167,NEW (H),1,2.117,TOT (A),1,2.026,FUL (H),1,2.16,SUN (H),1,1.796,EVE (A),1,2.167,10.266,6.999,
209,Johnson,Brennan Johnson,MID,9,EVE,5.9,59,0.1,1.0,a,,50,68.0,gradient_boosting,0.0,-292,True,2.8717225771036388,2.144,HUL (A),1,2.331,CHE (H),1,2.083,ARS (A),1,2.038,NEW (A),1,2.317,COV (H),1,2.144,10.913,7.334,
596,Ruggeri,Matteo Ruggeri,DEF,2,AVL,4.5,45,0.1,1.0,a,,5,35.0,gradient_boosting,0.0,203,True,2.802085151978452,2.131,BRE (H),1,2.519,NEW (A),1,2.223,MCI (H),1,2.454,FUL (H),1,2.275,MUN (A),1,2.131,11.602,7.757,
627,Barcola,Bradley Barcola,MID,14,LIV,8.0,80,1.9,1.0,a,,3,56.0,gradient_boosting,0.0,-7702,True,2.8717225771036388,2.109,MCI (H),1,1.995,BRE (A),1,2.109,BHA (H),1,2.165,ARS (H),1,2.239,CRY (A),1,2.109,10.617,7.08,
519,Gallagher,Conor Gallagher,MID,19,TOT,5.3,53,0.2,1.0,a,,50,29.666666666666668,gradient_boosting,0.0,152,True,2.8717225771036388,2.103,MUN (A),1,2.201,COV (H),1,2.33,CHE (A),1,2.242,CRY (H),1,2.061,LEE (A),1,2.103,10.937,7.347,
522,Gray,Archie Gray,MID,19,TOT,4.9,49,0.2,1.0,a,,50,51.666666666666664,gradient_boosting,0.0,-767,True,2.8717225771036388,2.101,MUN (A),1,2.188,COV (H),1,2.187,CHE (A),1,2.229,CRY (H),1,2.091,LEE (A),1,2.101,10.796,7.249,
551,N.Angulo,Nilson Angulo,MID,20,SUN,5.0,50,0.1,1.0,a,,19,63.666666666666664,gradient_boosting,0.0,-273,True,2.8717225771036388,2.098,BHA (H),1,2.137,BOU (A),1,2.163,LEE (H),1,2.151,COV (A),1,2.466,CHE (H),1,2.098,11.015,7.303,
389,Matheus N.,Matheus Nunes,DEF,15,MCI,5.9,59,1.0,1.0,a,,50,60.0,gradient_boosting,0.0,-1298,True,2.802085151978452,2.082,LIV (A),1,2.681,IPS (H),1,2.438,AVL (A),1,2.213,BHA (H),1,2.212,NFO (A),1,2.082,11.626,7.826,
101,Henderson,Jordan Henderson,MID,6,CHE,4.9,49,0.0,1.0,a,,50,30.0,gradient_boosting,0.0,361,True,2.8717225771036388,2.051,BOU (H),1,2.013,EVE (A),1,2.057,TOT (H),1,2.021,MUN (H),1,2.032,SUN (A),1,2.051,10.174,6.845,
46,Barkley,Ross Barkley,MID,2,AVL,5.0,50,0.3,1.0,a,,50,52.666666666666664,gradient_boosting,0.0,-1217,True,2.8717225771036388,2.006,BRE (H),1,1.907,NEW (A),1,2.003,MCI (H),1,2.206,FUL (H),1,2.009,MUN (A),1,2.006,10.131,6.766,
532,Ballard,Daniel Ballard,DEF,20,SUN,4.9,49,2.5,0.75,d,Hamstring injury - 75% chance of playing,43,90.0,gradient_boosting,0.0,-14087,True,2.802085151978452,1.993,BHA (H),1,2.284,BOU (A),1,2.191,LEE (H),1,2.268,COV (A),1,2.388,CHE (H),1,1.993,11.124,7.362,Availability flag
186,Mason-Clark,Ephron Mason-Clark,MID,7,COV,5.3,53,0.1,1.0,a,,5,58.0,gradient_boosting,-0.1,-293,True,2.8717225771036388,1.978,NEW (H),1,1.927,TOT (A),1,2.073,FUL (H),1,2.073,SUN (H),1,1.88,EVE (A),1,1.978,9.931,6.678,
459,L.Miley,Lewis Miley,MID,17,NEW,5.5,55,0.1,0.75,d,Unspecified injury - 75% chance of playing,50,77.0,gradient_boosting,0.0,-22,True,2.8717225771036388,1.977,COV (A),1,2.107,AVL (H),1,1.97,CRY (A),1,2.074,EVE (H),1,1.977,FUL (A),1,1.977,10.105,6.795,Availability flag
415,Dorgu,Patrick Dorgu,MID,16,MUN,5.8,58,0.5,0.75,d,Hamstring injury - 75% chance of playing,50,38.666666666666664,gradient_boosting,0.0,-3256,True,2.8717225771036388,1.962,TOT (H),1,1.796,LEE (A),1,1.964,BOU (H),1,2.177,CHE (A),1,1.962,AVL (H),1,1.962,9.861,6.574,Availability flag
562,Maeda,Daizen Maeda,MID,12,IPS,5.3,53,0.2,1.0,a,,5,36.0,gradient_boosting,-0.1,-1346,True,2.8717225771036388,1.947,FUL (H),1,1.675,MCI (A),1,1.932,NFO (H),1,1.806,HUL (A),1,1.947,BOU (H),1,1.947,9.307,6.246,
646,Fofana,Malick Fofana,MID,20,SUN,5.5,55,0.0,1.0,a,,3,20.0,gradient_boosting,0.0,29,True,2.8717225771036388,1.943,BHA (H),1,1.931,BOU (A),1,1.995,LEE (H),1,2.214,COV (A),1,2.136,CHE (H),1,1.943,10.219,6.773,
116,Dunk,Lewis Dunk,DEF,5,BHA,4.5,45,1.5,0.75,d,Neck injury - 75% chance of playing,50,60.0,gradient_boosting,0.0,-2595,True,2.802085151978452,1.932,SUN (A),1,1.856,CRY (H),1,1.549,LIV (A),1,1.316,MCI (A),1,1.184,BRE (H),1,1.932,7.837,5.567,Availability flag
605,Yalcouyé,Malick Yalcouyé,MID,5,BHA,4.5,45,4.0,1.0,a,,42,53.0,gradient_boosting,0.0,-7011,True,2.8717225771036388,1.927,SUN (A),1,2.206,CRY (H),1,1.807,LIV (A),1,1.713,MCI (A),1,1.953,BRE (H),1,1.927,9.606,6.525,
95,O.Dango,Dango Ouattara,MID,4,BRE,6.3,63,0.5,1.0,a,,50,28.0,gradient_boosting,0.0,-2915,True,2.8717225771036388,1.918,AVL (A),1,1.96,LIV (H),1,1.886,HUL (A),1,2.013,NFO (H),1,1.712,BHA (A),1,1.918,9.489,6.425,
328,Struijk,Pascal Struijk,DEF,5,BHA,4.9,49,0.2,0.75,d,Hamstring injury - 75% chance of playing,42,32.666666666666664,gradient_boosting,0.0,-268,True,2.802085151978452,1.908,SUN (A),1,1.97,CRY (H),1,1.759,LIV (A),1,1.606,MCI (A),1,1.755,BRE (H),1,1.908,8.998,6.151,Availability flag
242,George,Tyrique George,MID,9,EVE,5.5,55,0.9,1.0,a,,50,55.0,gradient_boosting,0.0,-8427,True,2.8717225771036388,1.89,HUL (A),1,2.165,CHE (H),1,1.862,ARS (A),1,1.815,NEW (A),1,2.12,COV (H),1,1.89,9.852,6.611,
462,Steur,Sean Steur,MID,17,NEW,4.9,49,0.1,1.0,a,,5,49.666666666666664,gradient_boosting,0.0,-121,True,2.8717225771036388,1.886,COV (A),1,1.935,AVL (H),1,1.883,CRY (A),1,1.916,EVE (H),1,1.886,FUL (A),1,1.886,9.506,6.393,
514,Tel,Mathys Tel,MID,19,TOT,5.7,57,0.2,1.0,a,,50,33.333333333333336,gradient_boosting,-0.1,-1786,True,2.8717225771036388,1.847,MUN (A),1,1.958,COV (H),1,1.803,CHE (A),1,1.958,CRY (H),1,1.823,LEE (A),1,1.847,9.389,6.317,
565,M.Sangaré,Mamadou Sangaré,MID,4,BRE,5.6,56,9.9,1.0,a,,5,52.0,gradient_boosting,-0.1,-132085,True,2.8717225771036388,1.834,AVL (A),1,1.913,LIV (H),1,1.797,HUL (A),1,1.934,NFO (H),1,1.575,BHA (A),1,1.834,9.053,6.15,
586,Mendy,Nobel Mendy,DEF,11,HUL,4.1,41,6.3,1.0,a,,5,42.666666666666664,gradient_boosting,0.0,-26622,True,2.802085151978452,1.831,EVE (H),1,2.243,FUL (A),1,1.57,BRE (H),1,2.367,IPS (H),1,1.687,ARS (A),1,1.831,9.698,6.533,
553,Isidor,Wilson Isidor,FWD,20,SUN,5.5,55,1.3,1.0,a,,43,22.666666666666668,gradient_boosting,0.0,-8340,True,3.5854329730334533,1.809,BHA (H),1,1.844,BOU (A),1,1.818,LEE (H),1,1.975,COV (A),1,2.038,CHE (H),1,1.809,9.484,6.294,
190,Tchaouna,Loum Tchaouna,MID,7,COV,5.4,54,0.1,1.0,a,,42,24.0,gradient_boosting,0.0,-329,True,2.8717225771036388,1.808,NEW (H),1,1.841,TOT (A),1,1.901,FUL (H),1,1.901,SUN (H),1,1.792,EVE (A),1,1.808,9.243,6.205,
119,Costinha,João Pedro Loureiro da Costa,DEF,5,BHA,4.5,45,0.0,1.0,a,,5,10.666666666666666,gradient_boosting,0.0,35,True,2.802085151978452,1.741,SUN (A),1,1.789,CRY (H),1,1.735,LIV (A),1,1.512,MCI (A),1,1.748,BRE (H),1,1.741,8.525,5.773,
347,Nmecha,Lukas Nmecha,FWD,13,LEE,5.4,54,0.5,1.0,a,,42,14.333333333333334,gradient_boosting,0.0,-1720,True,3.5854329730334533,1.735,ARS (A),1,1.878,MUN (H),1,1.897,SUN (A),1,1.851,BOU (A),1,1.959,TOT (H),1,1.735,9.32,6.202,
240,Iroegbunam,Tim Iroegbunam,MID,11,HUL,5.0,50,0.0,1.0,a,,50,22.0,gradient_boosting,0.0,-63,True,2.8717225771036388,1.723,EVE (H),1,1.695,FUL (A),1,1.667,BRE (H),1,1.764,IPS (H),1,1.635,ARS (A),1,1.723,8.484,5.719,
440,Zirkzee,Joshua Zirkzee,FWD,16,MUN,5.3,53,0.4,1.0,a,,50,6.666666666666667,gradient_boosting,-0.1,-1191,True,3.5854329730334533,1.722,TOT (H),1,1.54,LEE (A),1,1.616,BOU (H),1,1.653,CHE (A),1,1.663,AVL (H),1,1.722,8.194,5.516,
90,Hickey,Aaron Hickey,DEF,4,BRE,4.5,45,0.1,1.0,a,,50,45.333333333333336,gradient_boosting,0.0,-67,True,2.802085151978452,1.715,AVL (A),1,1.73,LIV (H),1,1.59,HUL (A),1,1.748,NFO (H),1,1.631,BHA (A),1,1.715,8.414,5.68,
526,Solanke,Dominic Solanke-Mitchell,FWD,19,TOT,5.8,58,0.8,1.0,a,,50,44.333333333333336,gradient_boosting,0.0,-3793,True,3.5854329730334533,1.704,MUN (A),1,2.149,COV (H),1,1.751,CHE (A),1,1.908,CRY (H),1,1.656,LEE (A),1,1.704,9.168,6.199,
461,Touré,Bazoumana Touré,MID,17,NEW,5.8,58,0.1,1.0,a,,5,16.333333333333332,gradient_boosting,0.0,-540,True,2.8717225771036388,1.66,COV (A),1,1.705,AVL (H),1,1.687,CRY (A),1,1.686,EVE (H),1,1.66,FUL (A),1,1.66,8.398,5.647,
125,Georginio,Georginio Rutter,FWD,5,BHA,5.3,53,0.5,1.0,a,,50,4.666666666666667,gradient_boosting,-0.1,-1190,True,3.5854329730334533,1.651,SUN (A),1,1.651,CRY (H),1,1.497,LIV (A),1,1.386,MCI (A),1,1.488,BRE (H),1,1.651,7.673,5.249,
515,Maddison,James Maddison,MID,19,TOT,6.3,63,0.4,1.0,a,,50,12.333333333333334,gradient_boosting,0.0,-1227,True,2.8717225771036388,1.646,MUN (A),1,1.734,COV (H),1,1.688,CHE (A),1,1.775,CRY (H),1,1.637,LEE (A),1,1.646,8.48,5.693,
51,George Hemmings,George Hemmings,MID,2,AVL,4.5,45,1.2,1.0,a,,32,45.666666666666664,gradient_boosting,0.0,-6563,True,2.8717225771036388,1.637,BRE (H),1,1.565,NEW (A),1,1.603,MCI (H),1,1.71,FUL (H),1,1.591,MUN (A),1,1.637,8.106,5.442,
640,Flemming,Zian Flemming,FWD,12,IPS,5.5,55,0.1,1.0,a,,40,20.0,gradient_boosting,0.0,-56,True,3.5854329730334533,1.628,FUL (H),1,1.491,MCI (A),1,1.656,NFO (H),1,1.5,HUL (A),1,1.628,BOU (H),1,1.628,7.903,5.315,
289,Crooks,Matt Crooks,MID,11,HUL,4.4,44,0.5,1.0,a,,5,37.666666666666664,gradient_boosting,-0.1,882,True,2.8717225771036388,1.609,EVE (H),1,1.577,FUL (A),1,1.54,BRE (H),1,1.62,IPS (H),1,1.517,ARS (A),1,1.609,7.863,5.307,
400,Doku,Jérémy Doku,MID,15,MCI,7.4,74,0.7,1.0,a,,50,5.0,gradient_boosting,0.0,2427,True,2.8717225771036388,1.598,LIV (A),1,1.904,IPS (H),1,1.775,AVL (A),1,1.823,BHA (H),1,1.739,NFO (A),1,1.598,8.839,5.903,
17,Merino,Mikel Merino Zazón,MID,1,ARS,5.7,57,0.4,1.0,a,,50,16.0,gradient_boosting,-0.1,-2165,True,2.8717225771036388,1.598,LEE (H),1,1.634,NFO (A),1,1.648,EVE (H),1,1.55,LIV (A),1,1.648,HUL (H),1,1.598,8.078,5.429,
318,Philogene,Jaden Philogene,MID,12,IPS,5.4,54,0.1,1.0,a,,50,17.333333333333332,gradient_boosting,0.0,-129,True,2.8717225771036388,1.568,FUL (H),1,1.414,MCI (A),1,1.568,NFO (H),1,1.489,HUL (A),1,1.568,BOU (H),1,1.568,7.607,5.107,
534,Hume,Trai Hume,DEF,20,SUN,4.3,43,2.8,1.0,a,,43,12.333333333333334,gradient_boosting,-0.1,-28892,True,2.802085151978452,1.557,BHA (H),1,1.632,BOU (A),1,1.512,LEE (H),1,1.683,COV (A),1,1.921,CHE (H),1,1.557,8.305,5.479,
490,Wood,Chris Wood,FWD,18,NFO,5.8,58,0.9,1.0,a,,50,11.333333333333334,gradient_boosting,0.0,-4546,True,3.5854329730334533,1.557,CRY (A),1,1.394,ARS (H),1,1.557,IPS (A),1,1.394,BRE (A),1,1.292,MCI (H),1,1.557,7.194,4.912,
19,Zubimendi,Martín Zubimendi Ibáñez,MID,1,ARS,5.3,53,0.6,1.0,a,,42,20.666666666666668,gradient_boosting,0.0,-3277,True,2.8717225771036388,1.553,LEE (H),1,1.545,NFO (A),1,1.571,EVE (H),1,1.493,LIV (A),1,1.571,HUL (H),1,1.553,7.733,5.202,
14,Eze,Eberechi Eze,MID,1,ARS,6.2,62,1.0,1.0,a,,50,8.666666666666666,gradient_boosting,-0.1,-4427,True,2.8717225771036388,1.552,LEE (H),1,1.602,NFO (A),1,1.603,EVE (H),1,1.504,LIV (A),1,1.603,HUL (H),1,1.552,7.864,5.286,
371,Gravenberch,Ryan Gravenberch,MID,14,LIV,5.8,58,1.1,1.0,a,,50,31.333333333333332,gradient_boosting,-0.1,-7984,True,2.8717225771036388,1.538,MCI (H),1,1.533,BRE (A),1,1.538,BHA (H),1,1.63,ARS (H),1,1.6,CRY (A),1,1.538,7.839,5.239,
263,Kevin,Kevin Santos Lopes de Macedo,MID,10,FUL,5.3,53,0.0,1.0,a,,40,12.333333333333334,gradient_boosting,0.0,-94,True,2.8717225771036388,1.537,IPS (A),1,1.539,HUL (H),1,1.528,COV (A),1,1.528,AVL (A),1,1.52,NEW (H),1,1.537,7.652,5.151,
245,Dibling,Tyler Dibling,MID,9,EVE,5.4,54,0.0,1.0,a,,50,8.0,gradient_boosting,0.0,-40,True,2.8717225771036388,1.508,HUL (A),1,1.625,CHE (H),1,1.48,ARS (A),1,1.473,NEW (A),1,1.587,COV (H),1,1.508,7.673,5.159,
343,James,Daniel James,MID,13,LEE,4.9,49,0.1,1.0,a,,42,10.0,gradient_boosting,0.0,-371,True,2.8717225771036388,1.503,ARS (A),1,1.597,MUN (H),1,1.598,SUN (A),1,1.598,BOU (A),1,1.658,TOT (H),1,1.503,7.954,5.301,
213,Lerma,Jefferson Lerma Solís,MID,8,CRY,4.8,48,0.1,1.0,a,,50,17.0,gradient_boosting,-0.1,-291,True,2.8717225771036388,1.499,NFO (H),1,1.457,BHA (A),1,1.428,NEW (H),1,1.452,TOT (A),1,1.461,LIV (H),1,1.499,7.297,4.92,
337,Aaronson,Brenden Aaronson,MID,13,LEE,5.3,53,0.5,1.0,a,,42,22.666666666666668,gradient_boosting,-0.1,-3221,True,2.8717225771036388,1.462,ARS (A),1,1.544,MUN (H),1,1.524,SUN (A),1,1.524,BOU (A),1,1.572,TOT (H),1,1.462,7.626,5.097,
643,Chilwell,Ben Chilwell,DEF,8,CRY,4.5,45,0.4,1.0,a,,50,9.666666666666666,gradient_boosting,0.0,-2402,True,2.802085151978452,1.455,NFO (H),1,1.224,BHA (A),1,1.459,NEW (H),1,1.464,TOT (A),1,1.269,LIV (H),1,1.455,6.871,4.637,
100,Carvalho,Fábio Freitas Gouveia Carvalho,MID,4,BRE,5.0,50,0.0,1.0,a,,50,1.0,gradient_boosting,0.0,437,True,2.8717225771036388,1.433,AVL (A),1,1.387,LIV (H),1,1.4,HUL (A),1,1.457,NFO (H),1,1.255,BHA (A),1,1.433,6.932,4.699,
195,Simms,Ellis Simms,FWD,7,COV,4.9,49,0.6,1.0,a,,42,11.666666666666666,gradient_boosting,-0.1,-3362,True,3.5854329730334533,1.423,NEW (H),1,1.564,TOT (A),1,1.458,FUL (H),1,1.505,SUN (H),1,1.383,EVE (A),1,1.423,7.333,4.944,
208,Sarr,Ismaïla Sarr,MID,8,CRY,6.2,62,0.6,1.0,a,,50,2.6666666666666665,gradient_boosting,0.0,338,True,2.8717225771036388,1.418,NFO (H),1,1.235,BHA (A),1,1.322,NEW (H),1,1.371,TOT (A),1,1.335,LIV (H),1,1.418,6.681,4.501,
271,Muniz,Rodrigo Muniz Carvalho,FWD,10,FUL,5.4,54,0.4,1.0,a,,50,10.0,gradient_boosting,0.0,-951,True,3.5854329730334533,1.403,IPS (A),1,1.301,HUL (H),1,1.382,COV (A),1,1.382,AVL (A),1,1.299,NEW (H),1,1.403,6.767,4.568,
589,Gourna-Douath,Lucas Gourna-Douath,MID,11,HUL,5.0,50,0.0,1.0,a,,5,31.0,gradient_boosting,0.0,-76,True,2.8717225771036388,1.373,EVE (H),1,1.347,FUL (A),1,1.317,BRE (H),1,1.385,IPS (H),1,1.285,ARS (A),1,1.373,6.707,4.529,
446,Schär,Fabian Schär,DEF,17,NEW,4.9,49,0.2,1.0,a,,50,8.0,gradient_boosting,0.0,-343,True,2.802085151978452,1.366,COV (A),1,1.359,AVL (H),1,1.287,CRY (A),1,1.296,EVE (H),1,1.292,FUL (A),1,1.366,6.6,4.47,
253,Andersen,Joachim Andersen,DEF,10,FUL,5.0,50,0.2,1.0,a,,50,33.333333333333336,gradient_boosting,0.0,1660,True,2.802085151978452,1.359,IPS (A),1,1.26,HUL (H),1,1.264,COV (A),1,1.352,AVL (A),1,1.39,NEW (H),1,1.359,6.625,4.438,
224,Nketiah,Eddie Nketiah,FWD,8,CRY,5.5,55,0.5,1.0,a,,50,17.666666666666668,gradient_boosting,0.0,-2072,True,3.5854329730334533,1.351,NFO (H),1,1.231,BHA (A),1,1.366,NEW (H),1,1.443,TOT (A),1,1.304,LIV (H),1,1.351,6.695,4.483,
25,Gyökeres,Viktor Gyökeres,FWD,1,ARS,7.1,71,3.1,1.0,a,,42,9.666666666666666,gradient_boosting,-0.1,-4509,True,3.5854329730334533,1.339,LEE (H),1,1.352,NFO (A),1,1.339,EVE (H),1,1.339,LIV (A),1,1.339,HUL (H),1,1.339,6.708,4.512,
635,Larsson,Hugo Larsson,MID,10,FUL,5.0,50,0.0,1.0,a,,3,12.333333333333334,gradient_boosting,0.0,27,True,2.8717225771036388,1.338,IPS (A),1,1.387,HUL (H),1,1.329,COV (A),1,1.329,AVL (A),1,1.352,NEW (H),1,1.338,6.735,4.532,
473,Aina,Ola Aina,DEF,18,NFO,4.4,44,2.4,1.0,a,,50,49.333333333333336,gradient_boosting,-0.1,-19569,True,2.802085151978452,1.329,CRY (A),1,1.061,ARS (H),1,1.322,IPS (A),1,1.063,BRE (A),1,1.228,MCI (H),1,1.329,6.003,4.071,
571,Florentino,Florentino Ibrain Morris Luís,MID,12,IPS,4.8,48,0.1,1.0,a,,39,10.0,gradient_boosting,-0.1,-225,True,2.8717225771036388,1.319,FUL (H),1,1.162,MCI (A),1,1.304,NFO (H),1,1.218,HUL (A),1,1.319,BOU (H),1,1.319,6.322,4.247,
32,Cash,Matty Cash,DEF,2,AVL,4.4,44,4.8,1.0,a,,50,43.0,gradient_boosting,0.0,-22832,True,2.802085151978452,1.303,BRE (H),1,1.507,NEW (A),1,1.414,MCI (H),1,1.533,FUL (H),1,1.452,MUN (A),1,1.303,7.209,4.793,
499,Pedro Porro,Pedro Porro Sauceda,DEF,19,TOT,5.4,54,7.6,0.75,d,Hamstring injury - 75% chance of playing,50,36.0,gradient_boosting,0.0,-74631,True,2.802085151978452,1.279,MUN (A),1,1.579,COV (H),1,1.408,CHE (A),1,1.498,CRY (H),1,1.055,LEE (A),1,1.279,6.819,4.642,Availability flag
5,J.Timber,Jurriën Timber,DEF,1,ARS,6.5,65,0.4,1.0,a,,50,34.666666666666664,gradient_boosting,0.0,8868,True,2.802085151978452,1.259,LEE (H),1,1.169,NFO (A),1,1.25,EVE (H),1,1.206,LIV (A),1,1.25,HUL (H),1,1.259,6.134,4.124,
611,Wan-Bissaka,Aaron Wan-Bissaka,DEF,2,AVL,4.5,45,0.2,1.0,a,,50,46.666666666666664,gradient_boosting,0.0,22,True,2.802085151978452,1.249,BRE (H),1,1.478,NEW (A),1,1.412,MCI (H),1,1.478,FUL (H),1,1.375,MUN (A),1,1.249,6.992,4.655,
161,Lavia,Roméo Lavia,MID,6,CHE,5.0,50,0.2,1.0,a,,50,42.333333333333336,gradient_boosting,0.0,-2053,True,2.8717225771036388,1.24,BOU (H),1,1.165,EVE (A),1,1.24,TOT (H),1,1.197,MUN (H),1,1.213,SUN (A),1,1.24,6.055,4.075,
620,Diouf,El Hadji Malick Diouf,DEF,4,BRE,4.5,45,0.1,1.0,a,,42,13.0,gradient_boosting,0.0,-215,True,2.802085151978452,1.24,AVL (A),1,1.171,LIV (H),1,1.077,HUL (A),1,1.251,NFO (H),1,1.109,BHA (A),1,1.24,5.848,3.961,
74,Brooks,David Brooks,MID,3,BOU,5.0,50,0.1,1.0,a,,50,12.0,gradient_boosting,0.0,-147,True,2.8717225771036388,1.239,CHE (A),1,1.375,SUN (H),1,1.267,MUN (A),1,1.292,LEE (H),1,1.287,IPS (A),1,1.239,6.46,4.339,
633,Ahanor,Honest Ahanor,DEF,8,CRY,4.5,45,0.0,1.0,a,,3,30.0,gradient_boosting,0.0,31,True,2.802085151978452,1.238,NFO (H),1,1.181,BHA (A),1,1.445,NEW (H),1,1.479,TOT (A),1,1.166,LIV (H),1,1.238,6.509,4.342,
320,Akpom,Chuba Akpom,FWD,12,IPS,5.0,50,1.2,1.0,a,,5,3.0,gradient_boosting,0.0,-4646,True,3.5854329730334533,1.236,FUL (H),1,1.12,MCI (A),1,1.217,NFO (H),1,1.167,HUL (A),1,1.236,BOU (H),1,1.236,5.976,4.015,
148,Hato,Jorrel Hato,DEF,6,CHE,4.5,45,0.8,1.0,a,,42,34.666666666666664,gradient_boosting,0.0,-6614,True,2.802085151978452,1.227,BOU (H),1,0.959,EVE (A),1,1.325,TOT (H),1,1.193,MUN (H),1,1.281,SUN (A),1,1.227,5.985,3.978,
608,Jebbison,Daniel Jebbison,FWD,3,BOU,5.0,50,0.1,1.0,a,,50,5.333333333333333,gradient_boosting,0.0,3,True,3.5854329730334533,1.221,CHE (A),1,1.23,SUN (H),1,1.174,MUN (A),1,1.108,LEE (H),1,1.23,IPS (A),1,1.221,5.963,4.027,
637,Vaz,Robinio Vaz,FWD,11,HUL,5.0,50,0.1,1.0,a,,3,6.666666666666667,gradient_boosting,0.0,706,True,3.5854329730334533,1.198,EVE (H),1,1.305,FUL (A),1,1.189,BRE (H),1,1.352,IPS (H),1,1.189,ARS (A),1,1.198,6.233,4.182,
247,Hackney,Hayden Hackney,MID,9,EVE,5.4,54,0.2,1.0,a,,5,10.333333333333334,gradient_boosting,-0.1,-908,True,2.8717225771036388,1.192,HUL (A),1,1.264,CHE (H),1,1.182,ARS (A),1,1.175,NEW (A),1,1.249,COV (H),1,1.192,6.062,4.073,
151,Acheampong,Josh Acheampong,DEF,6,CHE,4.5,45,0.3,1.0,a,,50,36.333333333333336,gradient_boosting,0.0,-1543,True,2.802085151978452,1.173,BOU (H),1,1.037,EVE (A),1,1.238,TOT (H),1,1.155,MUN (H),1,1.09,SUN (A),1,1.173,5.693,3.833,
387,O'Reilly,Nico O'Reilly,DEF,15,MCI,6.3,63,10.9,0.75,d,Unspecified injury - 75% chance of playing,50,4.333333333333333,gradient_boosting,-0.1,-68006,True,2.802085151978452,1.167,LIV (A),1,1.386,IPS (H),1,1.317,AVL (A),1,1.184,BHA (H),1,1.229,NFO (A),1,1.167,6.283,4.228,Availability flag
164,Quenda,Geovany Quenda,MID,6,CHE,5.3,53,0.0,1.0,a,,5,6.333333333333333,gradient_boosting,0.0,-108,True,2.8717225771036388,1.158,BOU (H),1,1.109,EVE (A),1,1.158,TOT (H),1,1.13,MUN (H),1,1.128,SUN (A),1,1.158,5.683,3.827,
430,Mount,Mason Mount,MID,16,MUN,5.4,54,0.0,1.0,a,,50,3.3333333333333335,gradient_boosting,0.0,-13,True,2.8717225771036388,1.153,TOT (H),1,1.079,LEE (A),1,1.153,BOU (H),1,1.161,CHE (A),1,1.153,AVL (H),1,1.153,5.699,3.821,
488,I.Sangaré,Ibrahim Sangaré,MID,18,NFO,4.8,48,0.4,1.0,a,,50,5.0,gradient_boosting,-0.1,-2832,True,2.8717225771036388,1.153,CRY (A),1,1.088,ARS (H),1,1.135,IPS (A),1,1.037,BRE (A),1,1.041,MCI (H),1,1.153,5.454,3.707,
612,Methalie,Dayann Méthalie,DEF,20,SUN,4.5,45,0.0,1.0,a,,4,30.0,gradient_boosting,0.0,48,True,2.802085151978452,1.151,BHA (H),1,1.204,BOU (A),1,1.138,LEE (H),1,1.354,COV (A),1,1.482,CHE (H),1,1.151,6.329,4.143,
577,Tomiyasu,Takehiro Tomiyasu,DEF,8,CRY,4.4,44,0.3,0.75,d,Calf injury - 75% chance of playing,50,32.666666666666664,gradient_boosting,0.0,-1071,True,2.802085151978452,1.14,NFO (H),1,1.095,BHA (A),1,1.15,NEW (H),1,1.26,TOT (A),1,1.086,LIV (H),1,1.14,5.731,3.842,Availability flag
306,Greaves,Jacob Greaves,DEF,12,IPS,4.0,40,1.1,1.0,a,,43,59.0,gradient_boosting,0.0,-3060,True,2.802085151978452,1.135,FUL (H),1,0.907,MCI (A),1,1.012,NFO (H),1,0.77,HUL (A),1,1.135,BOU (H),1,1.135,4.959,3.367,
71,Cook,Lewis Cook,MID,3,BOU,5.0,50,0.2,1.0,a,,50,12.333333333333334,gradient_boosting,0.0,-890,True,2.8717225771036388,1.123,CHE (A),1,1.189,SUN (H),1,1.113,MUN (A),1,1.137,LEE (H),1,1.134,IPS (A),1,1.123,5.696,3.833,
72,Gannon-Doak,Ben Gannon-Doak,MID,3,BOU,4.9,49,0.1,1.0,a,,50,3.6666666666666665,gradient_boosting,0.0,-241,True,2.8717225771036388,1.12,CHE (A),1,1.108,SUN (H),1,1.076,MUN (A),1,1.089,LEE (H),1,1.116,IPS (A),1,1.12,5.509,3.71,
520,Bergvall,Lucas Bergvall,MID,19,TOT,5.3,53,0.1,1.0,a,,50,11.0,gradient_boosting,-0.1,-532,True,2.8717225771036388,1.115,MUN (A),1,1.181,COV (H),1,1.189,CHE (A),1,1.222,CRY (H),1,1.106,LEE (A),1,1.115,5.813,3.899,
375,Nyoni,Trey Nyoni,MID,14,LIV,4.9,49,0.0,1.0,a,,50,8.333333333333334,gradient_boosting,0.0,-220,True,2.8717225771036388,1.081,MCI (H),1,1.067,BRE (A),1,1.081,BHA (H),1,1.128,ARS (H),1,1.138,CRY (A),1,1.081,5.495,3.67,
165,João Pedro,João Pedro Junqueira de Jesus,FWD,6,CHE,7.7,77,65.0,0.75,d,Knee injury - 75% chance of playing,50,60.0,gradient_boosting,-0.1,-335533,True,3.5854329730334533,1.068,BOU (H),1,0.92,EVE (A),1,1.022,TOT (H),1,1.09,MUN (H),1,0.945,SUN (A),1,1.068,5.045,3.403,Availability flag
576,Stroud,Elliot Stroud,MID,11,HUL,5.0,50,0.1,1.0,a,,5,40.333333333333336,gradient_boosting,0.0,-321,True,2.8717225771036388,1.06,EVE (H),1,1.055,FUL (A),1,1.037,BRE (H),1,1.109,IPS (H),1,1.011,ARS (A),1,1.06,5.272,3.55,
175,van Ewijk,Milan van Ewijk,DEF,7,COV,4.0,40,8.7,0.75,d,Hamstring injury - 75% chance of playing,5,60.0,gradient_boosting,0.0,-76351,True,2.802085151978452,1.057,NEW (H),1,1.072,TOT (A),1,0.989,FUL (H),1,1.046,SUN (H),1,0.751,EVE (A),1,1.057,4.915,3.391,Availability flag
10,White,Benjamin White,DEF,1,ARS,5.5,55,4.9,0.75,d,Groin injury - 75% chance of playing,50,45.0,gradient_boosting,0.0,-65611,True,2.802085151978452,1.048,LEE (H),1,1.192,NFO (A),1,1.054,EVE (H),1,1.036,LIV (A),1,1.054,HUL (H),1,1.048,5.384,3.638,Availability flag
7,Lewis-Skelly,Myles Lewis-Skelly,MID,1,ARS,5.4,54,0.6,1.0,a,,50,37.0,gradient_boosting,-0.1,-4077,True,2.8717225771036388,1.045,LEE (H),1,1.039,NFO (A),1,1.045,EVE (H),1,1.006,LIV (A),1,1.045,HUL (H),1,1.045,5.18,3.488,
157,Estêvão,Estêvão Almeida de Oliveira Gonçalves,MID,6,CHE,6.3,63,0.7,1.0,a,,42,5.333333333333333,gradient_boosting,0.0,-2563,True,2.8717225771036388,1.025,BOU (H),1,0.997,EVE (A),1,1.025,TOT (H),1,0.997,MUN (H),1,1.017,SUN (A),1,1.025,5.061,3.406,
631,Mbaye,Ibrahim Mbaye,MID,2,AVL,6.0,60,0.1,1.0,a,,3,11.0,gradient_boosting,0.0,-204,True,2.8717225771036388,1.018,BRE (H),1,1.011,NEW (A),1,0.983,MCI (H),1,1.091,FUL (H),1,1.037,MUN (A),1,1.018,5.14,3.439,
232,O'Brien,Jake O'Brien,DEF,9,EVE,4.8,48,0.3,1.0,a,,50,5.333333333333333,gradient_boosting,-0.1,-830,True,2.802085151978452,0.996,HUL (A),1,1.105,CHE (H),1,0.97,ARS (A),1,0.985,NEW (A),1,1.057,COV (H),1,0.996,5.113,3.438,
144,Gusto,Malo Gusto,DEF,6,CHE,4.9,49,1.0,1.0,a,,50,35.666666666666664,gradient_boosting,-0.1,-5387,True,2.802085151978452,0.995,BOU (H),1,0.76,EVE (A),1,1.126,TOT (H),1,0.949,MUN (H),1,0.963,SUN (A),1,0.995,4.793,3.204,
478,Netz,Luca Netz,DEF,18,NFO,4.4,44,0.0,1.0,a,,19,2.3333333333333335,gradient_boosting,0.0,-63,True,2.802085151978452,0.995,CRY (A),1,0.925,ARS (H),1,1.003,IPS (A),1,0.893,BRE (A),1,0.985,MCI (H),1,0.995,4.801,3.238,
56,Abraham,Tammy Abraham,FWD,2,AVL,5.5,55,0.2,1.0,a,,20,17.333333333333332,gradient_boosting,0.0,-22,True,3.5854329730334533,0.991,BRE (H),1,1.024,NEW (A),1,0.889,MCI (H),1,1.033,FUL (H),1,1.024,MUN (A),1,0.991,4.961,3.327,
405,N.Gonzalez,Nico González Iglesias,MID,17,NEW,5.5,55,0.2,1.0,a,,50,31.333333333333332,gradient_boosting,0.0,-1231,True,2.8717225771036388,0.989,COV (A),1,1.002,AVL (H),1,0.975,CRY (A),1,0.967,EVE (H),1,0.989,FUL (A),1,0.989,4.922,3.315,
126,O'Riley,Matt O'Riley,MID,5,BHA,5.4,54,0.1,1.0,a,,50,3.3333333333333335,gradient_boosting,0.0,-145,True,2.8717225771036388,0.986,SUN (A),1,1.065,CRY (H),1,0.949,LIV (A),1,0.892,MCI (A),1,0.964,BRE (H),1,0.986,4.856,3.297,
422,Mazraoui,Noussair Mazraoui,DEF,16,MUN,4.4,44,0.5,1.0,a,,50,0.3333333333333333,gradient_boosting,0.0,-2308,True,2.802085151978452,0.958,TOT (H),1,0.714,LEE (A),1,0.933,BOU (H),1,0.794,CHE (A),1,0.943,AVL (H),1,0.958,4.342,2.919,
506,Udogie,Destiny Udogie,DEF,19,TOT,4.4,44,0.3,1.0,a,,50,20.0,gradient_boosting,0.0,-1293,True,2.802085151978452,0.954,MUN (A),1,1.154,COV (H),1,1.025,CHE (A),1,1.125,CRY (H),1,0.921,LEE (A),1,0.954,5.179,3.486,
142,James,Reece James,DEF,6,CHE,5.4,54,5.8,0.75,d,Hamstring injury - 75% chance of playing,50,60.0,gradient_boosting,0.0,-78566,True,2.802085151978452,0.95,BOU (H),1,0.757,EVE (A),1,0.969,TOT (H),1,0.916,MUN (H),1,0.908,SUN (A),1,0.95,4.5,3.017,Availability flag
536,Reinildo,Reinildo Mandava,DEF,20,SUN,4.4,44,0.3,1.0,a,,43,60.0,gradient_boosting,-0.1,-1371,True,2.802085151978452,0.941,BHA (H),1,1.183,BOU (A),1,0.842,LEE (H),1,1.132,COV (A),1,1.201,CHE (H),1,0.941,5.299,3.498,
340,Gelhardt,Joe Gelhardt,MID,11,HUL,5.0,50,0.0,1.0,a,,42,2.3333333333333335,gradient_boosting,0.0,-13,True,2.8717225771036388,0.94,EVE (H),1,0.936,FUL (A),1,0.9,BRE (H),1,0.982,IPS (H),1,0.875,ARS (A),1,0.94,4.633,3.126,
393,Khusanov,Abdukodir Khusanov,DEF,15,MCI,5.4,54,1.4,1.0,a,,50,30.0,gradient_boosting,0.0,-7684,True,2.802085151978452,0.898,LIV (A),1,1.18,IPS (H),1,1.16,AVL (A),1,1.058,BHA (H),1,1.078,NFO (A),1,0.898,5.374,3.568,
20,Dowman,Max Dowman,MID,1,ARS,5.3,53,0.1,1.0,a,,41,3.0,gradient_boosting,0.0,-130,True,2.8717225771036388,0.885,LEE (H),1,0.911,NFO (A),1,0.903,EVE (H),1,0.859,LIV (A),1,0.903,HUL (H),1,0.885,4.461,3.001,
662,Nicoll-Jazuli,Mahdi Nicoll-Jazuli,MID,6,CHE,4.5,45,0.0,1.0,a,,1,3.0,gradient_boosting,0.0,267,True,2.8717225771036388,0.878,BOU (H),1,0.862,EVE (A),1,0.878,TOT (H),1,0.85,MUN (H),1,0.881,SUN (A),1,0.878,4.349,2.926,Limited history
381,Koumas,Lewis Koumas,MID,14,LIV,5.0,50,0.0,1.0,a,,18,3.3333333333333335,gradient_boosting,0.0,-28,True,2.8717225771036388,0.87,MCI (H),1,0.867,BRE (A),1,0.87,BHA (H),1,0.917,ARS (H),1,0.967,CRY (A),1,0.87,4.491,2.986,
269,Sessegnon,Ryan Sessegnon,DEF,10,FUL,4.3,43,0.3,1.0,a,,50,3.6666666666666665,gradient_boosting,-0.1,-1011,True,2.802085151978452,0.853,IPS (A),1,0.751,HUL (H),1,0.823,COV (A),1,0.809,AVL (A),1,0.766,NEW (H),1,0.853,4.002,2.708,
369,Ngumoha,Rio Ngumoha,MID,14,LIV,5.7,57,0.5,1.0,a,,43,6.0,gradient_boosting,-0.1,-3506,True,2.8717225771036388,0.819,MCI (H),1,0.635,BRE (A),1,0.819,BHA (H),1,0.72,ARS (H),1,0.788,CRY (A),1,0.819,3.781,2.543,
559,Bamba,Aladji Bamba,MID,17,NEW,4.9,49,0.1,1.0,a,,5,4.333333333333333,gradient_boosting,0.0,-368,True,2.8717225771036388,0.795,COV (A),1,0.806,AVL (H),1,0.791,CRY (A),1,0.787,EVE (H),1,0.795,FUL (A),1,0.795,3.974,2.675,
357,Frimpong,Jeremie Frimpong,DEF,14,LIV,5.3,53,1.8,1.0,a,,43,6.0,gradient_boosting,0.0,-11257,True,2.802085151978452,0.743,MCI (H),1,0.561,BRE (A),1,0.743,BHA (H),1,0.634,ARS (H),1,0.817,CRY (A),1,0.743,3.498,2.327,
564,Scherpen,Kjell Scherpen,GK,12,IPS,4.5,45,0.6,1.0,a,,50,60.0,gradient_boosting,0.0,-2178,True,2.517528275248518,0.734,FUL (H),1,0.684,MCI (A),1,0.694,NFO (H),1,0.674,HUL (A),1,0.734,BOU (H),1,0.734,3.52,2.371,
76,Tóth.A,Alex Tóth,MID,3,BOU,4.9,49,0.0,1.0,a,,20,0.6666666666666666,gradient_boosting,0.0,-27,True,2.8717225771036388,0.715,CHE (A),1,0.721,SUN (H),1,0.701,MUN (A),1,0.703,LEE (H),1,0.711,IPS (A),1,0.715,3.551,2.392,
162,Andrey Santos,Andrey Nascimento dos Santos,MID,16,MUN,4.8,48,0.6,1.0,a,,50,2.0,gradient_boosting,0.0,-3970,True,2.8717225771036388,0.713,TOT (H),1,0.685,LEE (A),1,0.713,BOU (H),1,0.725,CHE (A),1,0.713,AVL (H),1,0.713,3.549,2.381,
439,Šeško,Benjamin Sesko,FWD,16,MUN,7.0,70,1.6,0.75,d,Shin injury - 75% chance of playing,43,14.333333333333334,gradient_boosting,0.0,-17849,True,3.5854329730334533,0.689,TOT (H),1,0.628,LEE (A),1,0.653,BOU (H),1,0.675,CHE (A),1,0.689,AVL (H),1,0.689,3.334,2.237,Availability flag
120,Svoboda,Michael Svoboda,DEF,5,BHA,5.0,50,0.1,1.0,a,,5,1.3333333333333333,gradient_boosting,0.0,871,True,2.802085151978452,0.676,SUN (A),1,0.684,CRY (H),1,0.666,LIV (A),1,0.665,MCI (A),1,0.679,BRE (H),1,0.676,3.37,2.268,
323,McAteer,Kasey McAteer,MID,12,IPS,4.4,44,1.0,1.0,a,,43,3.6666666666666665,gradient_boosting,-0.1,-4990,True,2.8717225771036388,0.653,FUL (H),1,0.569,MCI (A),1,0.655,NFO (H),1,0.613,HUL (A),1,0.653,BOU (H),1,0.653,3.143,2.109,
420,Yoro,Leny Yoro,DEF,16,MUN,4.8,48,0.5,1.0,a,,50,2.0,gradient_boosting,-0.1,-1742,True,2.802085151978452,0.653,TOT (H),1,0.573,LEE (A),1,0.629,BOU (H),1,0.548,CHE (A),1,0.638,AVL (H),1,0.653,3.041,2.056,
212,Hughes,Will Hughes,MID,8,CRY,4.4,44,7.3,1.0,a,,50,9.666666666666666,gradient_boosting,0.0,-35674,True,2.8717225771036388,0.651,NFO (H),1,0.551,BHA (A),1,0.615,NEW (H),1,0.655,TOT (A),1,0.632,LIV (H),1,0.651,3.104,2.08,
594,David,Promise David,FWD,5,BHA,5.9,59,0.2,1.0,a,,5,4.333333333333333,gradient_boosting,-0.1,991,True,3.5854329730334533,0.643,SUN (A),1,0.643,CRY (H),1,0.61,LIV (A),1,0.498,MCI (A),1,0.6,BRE (H),1,0.643,2.994,2.049,
262,Smith Rowe,Emile Smith Rowe,MID,10,FUL,5.3,53,0.2,1.0,a,,50,8.0,gradient_boosting,-0.1,-1042,True,2.8717225771036388,0.619,IPS (A),1,0.596,HUL (H),1,0.634,COV (A),1,0.634,AVL (A),1,0.607,NEW (H),1,0.619,3.09,2.075,
16,Madueke,Noni Madueke,MID,1,ARS,6.2,62,0.2,1.0,a,,50,0.3333333333333333,gradient_boosting,0.0,-835,True,2.8717225771036388,0.614,LEE (H),1,0.622,NFO (A),1,0.614,EVE (H),1,0.589,LIV (A),1,0.614,HUL (H),1,0.614,3.053,2.058,
600,Osman,Ibrahim Osman,MID,5,BHA,5.0,50,0.0,1.0,a,,43,4.0,gradient_boosting,0.0,-11,True,2.8717225771036388,0.603,SUN (A),1,0.655,CRY (H),1,0.584,LIV (A),1,0.58,MCI (A),1,0.583,BRE (H),1,0.603,3.005,2.037,
450,Livramento,Tino Livramento,DEF,17,NEW,4.9,49,0.1,0.75,d,Unspecified injury - 75% chance of playing,50,11.0,gradient_boosting,0.0,-1070,True,2.802085151978452,0.589,COV (A),1,0.591,AVL (H),1,0.568,CRY (A),1,0.516,EVE (H),1,0.534,FUL (A),1,0.589,2.798,1.908,Availability flag
9,Hincapie,Piero Hincapié,DEF,1,ARS,5.2,52,0.9,1.0,a,,39,7.666666666666667,gradient_boosting,-0.1,-4327,True,2.802085151978452,0.586,LEE (H),1,0.596,NFO (A),1,0.605,EVE (H),1,0.555,LIV (A),1,0.605,HUL (H),1,0.586,2.947,1.982,
52,Alysson,Alysson Edward Franco da Rocha dos Santos,MID,2,AVL,5.0,50,0.0,0.75,d,Unspecified injury - 75% chance of playing,23,20.0,gradient_boosting,0.0,-729,True,2.8717225771036388,0.582,BRE (H),1,0.58,NEW (A),1,0.556,MCI (H),1,0.613,FUL (H),1,0.589,MUN (A),1,0.582,2.92,1.957,Availability flag
108,Wilson,Callum Wilson,FWD,4,BRE,5.4,54,0.3,1.0,a,,50,1.3333333333333333,gradient_boosting,-0.1,-1267,True,3.5854329730334533,0.576,AVL (A),1,0.569,LIV (H),1,0.532,HUL (A),1,0.582,NFO (H),1,0.421,BHA (A),1,0.576,2.68,1.842,
584,Hamer,Gustavo Hamer,MID,7,COV,5.4,54,0.1,1.0,a,,41,1.6666666666666667,gradient_boosting,0.0,-360,True,2.8717225771036388,0.575,NEW (H),1,0.639,TOT (A),1,0.65,FUL (H),1,0.65,SUN (H),1,0.606,EVE (A),1,0.575,3.12,2.083,
327,Bijol,Jaka Bijol,DEF,13,LEE,5.0,50,0.7,1.0,a,,42,9.666666666666666,gradient_boosting,0.0,-4806,True,2.802085151978452,0.574,ARS (A),1,0.751,MUN (H),1,0.703,SUN (A),1,0.703,BOU (A),1,0.833,TOT (H),1,0.574,3.564,2.326,
364,Tsimikas,Kostas Tsimikas,DEF,14,LIV,4.9,49,0.1,1.0,a,,50,15.0,gradient_boosting,0.0,-299,True,2.802085151978452,0.572,MCI (H),1,0.561,BRE (A),1,0.572,BHA (H),1,0.573,ARS (H),1,0.616,CRY (A),1,0.572,2.894,1.933,
638,Norton-Cuffy,Brooke Norton-Cuffy,DEF,11,HUL,4.0,40,0.2,0.75,d,Hamstring injury - 75% chance of playing,3,11.333333333333334,gradient_boosting,0.0,-2162,True,2.802085151978452,0.554,EVE (H),1,0.544,FUL (A),1,0.527,BRE (H),1,0.553,IPS (H),1,0.496,ARS (A),1,0.554,2.674,1.813,Availability flag
539,O'Nien,Luke O'Nien,DEF,20,SUN,3.9,39,2.5,1.0,a,,43,0.0,gradient_boosting,-0.1,6152,True,2.802085151978452,0.54,BHA (H),1,0.543,BOU (A),1,0.536,LEE (H),1,0.567,COV (A),1,0.546,CHE (H),1,0.54,2.732,1.831,
231,Keane,Michael Keane,DEF,9,EVE,4.8,48,0.7,1.0,a,,50,0.0,gradient_boosting,0.0,-3496,True,2.802085151978452,0.526,HUL (A),1,0.672,CHE (H),1,0.507,ARS (A),1,0.551,NEW (A),1,0.617,COV (H),1,0.526,2.873,1.923,
648,Bahoya,Jean-Mattéo Bahoya,MID,13,LEE,5.0,50,0.0,1.0,a,,3,0.3333333333333333,gradient_boosting,0.0,-65,True,2.8717225771036388,0.508,ARS (A),1,0.538,MUN (H),1,0.537,SUN (A),1,0.537,BOU (A),1,0.548,TOT (H),1,0.508,2.668,1.781,
616,Bouaddi,Ayyoub Bouaddi,MID,15,MCI,5.5,55,0.2,1.0,a,,4,4.666666666666667,gradient_boosting,0.0,-1288,True,2.8717225771036388,0.49,LIV (A),1,0.519,IPS (H),1,0.523,AVL (A),1,0.457,BHA (H),1,0.524,NFO (A),1,0.49,2.513,1.689,
207,Mingueza,Oscar Mingueza,DEF,8,CRY,4.4,44,0.1,1.0,a,,5,0.3333333333333333,gradient_boosting,0.0,-202,True,2.802085151978452,0.486,NFO (H),1,0.386,BHA (A),1,0.433,NEW (H),1,0.476,TOT (A),1,0.444,LIV (H),1,0.486,2.225,1.497,
11,Mosquera,Cristhian Mosquera,DEF,1,ARS,5.3,53,1.6,1.0,a,,42,0.0,gradient_boosting,0.0,-8411,True,2.802085151978452,0.481,LEE (H),1,0.527,NFO (A),1,0.5,EVE (H),1,0.45,LIV (A),1,0.5,HUL (H),1,0.481,2.458,1.658,
256,Tete,Kenny Tete,DEF,10,FUL,4.4,44,0.2,1.0,a,,50,9.0,gradient_boosting,0.0,-991,True,2.802085151978452,0.464,IPS (A),1,0.487,HUL (H),1,0.513,COV (A),1,0.498,AVL (A),1,0.455,NEW (H),1,0.464,2.417,1.623,
641,Bard,Melvin Bard,DEF,13,LEE,4.5,45,0.0,1.0,a,,3,6.0,gradient_boosting,0.0,18,True,2.802085151978452,0.457,ARS (A),1,0.523,MUN (H),1,0.538,SUN (A),1,0.538,BOU (A),1,0.593,TOT (H),1,0.457,2.649,1.738,
179,Latibeaudiere,Joel Latibeaudiere,DEF,7,COV,4.0,40,0.0,1.0,a,,5,0.3333333333333333,gradient_boosting,0.0,-64,True,2.802085151978452,0.442,NEW (H),1,0.431,TOT (A),1,0.438,FUL (H),1,0.438,SUN (H),1,0.388,EVE (A),1,0.442,2.137,1.45,
188,Torp,Victor Torp,MID,7,COV,5.3,53,0.1,1.0,a,,5,2.0,gradient_boosting,-0.1,-402,True,2.8717225771036388,0.423,NEW (H),1,0.462,TOT (A),1,0.459,FUL (H),1,0.459,SUN (H),1,0.43,EVE (A),1,0.423,2.233,1.497,
131,Baleba,Carlos Baleba,MID,16,MUN,4.9,49,0.1,1.0,a,,50,0.0,gradient_boosting,0.0,571,True,2.8717225771036388,0.417,TOT (H),1,0.388,LEE (A),1,0.417,BOU (H),1,0.41,CHE (A),1,0.417,AVL (H),1,0.417,2.049,1.375,
147,Tosin,Tosin Adarabioyo,DEF,19,TOT,4.4,44,0.1,1.0,a,,50,1.6666666666666667,gradient_boosting,0.0,-464,True,2.802085151978452,0.396,MUN (A),1,0.484,COV (H),1,0.391,CHE (A),1,0.455,CRY (H),1,0.404,LEE (A),1,0.396,2.13,1.432,
309,Núñez,Marcelino Núñez,MID,12,IPS,4.9,49,0.1,1.0,a,,5,0.0,gradient_boosting,0.0,-547,True,2.8717225771036388,0.392,FUL (H),1,0.359,MCI (A),1,0.393,NFO (H),1,0.363,HUL (A),1,0.392,BOU (H),1,0.392,1.899,1.277,
339,Longstaff,Sean Longstaff,MID,13,LEE,4.8,48,0.1,1.0,a,,50,0.6666666666666666,gradient_boosting,-0.1,-501,True,2.8717225771036388,0.383,ARS (A),1,0.411,MUN (H),1,0.411,SUN (A),1,0.411,BOU (A),1,0.421,TOT (H),1,0.383,2.037,1.358,
535,Alderete,Omar Alderete,DEF,20,SUN,4.8,48,0.2,1.0,a,,43,0.0,gradient_boosting,-0.1,-857,True,2.802085151978452,0.374,BHA (H),1,0.382,BOU (A),1,0.36,LEE (H),1,0.406,COV (A),1,0.38,CHE (H),1,0.374,1.902,1.274,
160,Garnacho,Alejandro Garnacho Ferreyra,MID,2,AVL,5.8,58,0.3,1.0,a,,50,5.0,gradient_boosting,0.0,-2250,True,2.8717225771036388,0.364,BRE (H),1,0.371,NEW (A),1,0.356,MCI (H),1,0.404,FUL (H),1,0.384,MUN (A),1,0.364,1.879,1.253,
599,Cherif,Sidiki Cherif,FWD,7,COV,5.0,50,0.1,1.0,a,,5,10.0,gradient_boosting,0.0,-218,True,3.5854329730334533,0.36,NEW (H),1,0.382,TOT (A),1,0.369,FUL (H),1,0.369,SUN (H),1,0.336,EVE (A),1,0.36,1.816,1.228,
498,Senesi,Marcos Senesi Barón,DEF,19,TOT,5.8,58,3.5,1.0,a,,50,0.0,gradient_boosting,0.0,-20655,True,2.802085151978452,0.358,MUN (A),1,0.494,COV (H),1,0.336,CHE (A),1,0.426,CRY (H),1,0.293,LEE (A),1,0.358,1.907,1.306,
325,Darlow,Karl Darlow,GK,16,MUN,4.5,45,0.0,0.75,d,Unspecified injury - 75% chance of playing,50,0.0,gradient_boosting,0.0,-159,True,2.517528275248518,0.329,TOT (H),1,0.159,LEE (A),1,0.21,BOU (H),1,0.354,CHE (A),1,0.218,AVL (H),1,0.329,1.27,0.861,Availability flag
395,Lewis,Rico Lewis,DEF,15,MCI,4.4,44,0.2,1.0,a,,50,0.0,gradient_boosting,0.0,-908,True,2.802085151978452,0.327,LIV (A),1,0.436,IPS (H),1,0.375,AVL (A),1,0.348,BHA (H),1,0.369,NFO (A),1,0.327,1.855,1.245,
487,Dominguez,Nicolás Domínguez,MID,18,NFO,4.9,49,0.1,1.0,a,,50,0.0,gradient_boosting,0.0,-234,True,2.8717225771036388,0.321,CRY (A),1,0.304,ARS (H),1,0.321,IPS (A),1,0.28,BRE (A),1,0.31,MCI (H),1,0.321,1.536,1.04,
406,Kovačić,Mateo Kovačić,MID,15,MCI,5.4,54,0.1,1.0,a,,50,0.0,gradient_boosting,0.0,-356,True,2.8717225771036388,0.317,LIV (A),1,0.345,IPS (H),1,0.349,AVL (A),1,0.31,BHA (H),1,0.35,NFO (A),1,0.317,1.671,1.118,
595,Gozo,Zavier Gozo,MID,8,CRY,4.9,49,0.0,1.0,a,,5,2.0,gradient_boosting,-0.1,-49,True,2.8717225771036388,0.317,NFO (H),1,0.283,BHA (A),1,0.294,NEW (H),1,0.321,TOT (A),1,0.298,LIV (H),1,0.317,1.513,1.018,
421,Heaven,Ayden Heaven,DEF,16,MUN,4.3,43,0.3,1.0,a,,50,0.0,gradient_boosting,-0.1,-1261,True,2.802085151978452,0.306,TOT (H),1,0.225,LEE (A),1,0.281,BOU (H),1,0.204,CHE (A),1,0.291,AVL (H),1,0.306,1.307,0.889,
392,Aït-Nouri,Rayan Aït-Nouri,DEF,15,MCI,5.2,52,0.4,1.0,a,,50,0.0,gradient_boosting,-0.1,-1686,True,2.802085151978452,0.297,LIV (A),1,0.374,IPS (H),1,0.39,AVL (A),1,0.331,BHA (H),1,0.357,NFO (A),1,0.297,1.749,1.161,
308,Furlong,Darnell Furlong,DEF,12,IPS,3.9,39,0.6,1.0,a,,5,0.0,gradient_boosting,0.0,3509,True,2.802085151978452,0.288,FUL (H),1,0.218,MCI (A),1,0.292,NFO (H),1,0.238,HUL (A),1,0.288,BOU (H),1,0.288,1.324,0.889,
42,Guessand,Evann Guessand,MID,8,CRY,5.4,54,0.0,1.0,a,,42,0.0,gradient_boosting,0.0,-157,True,2.8717225771036388,0.285,NFO (H),1,0.238,BHA (A),1,0.248,NEW (H),1,0.288,TOT (A),1,0.266,LIV (H),1,0.285,1.325,0.891,
647,Osorio,Darío Osorio,MID,8,CRY,5.5,55,0.0,1.0,a,,3,0.3333333333333333,gradient_boosting,0.0,-50,True,2.8717225771036388,0.279,NFO (H),1,0.246,BHA (A),1,0.256,NEW (H),1,0.283,TOT (A),1,0.26,LIV (H),1,0.279,1.324,0.891,
489,Yates,Ryan Yates,MID,18,NFO,4.5,45,1.2,1.0,a,,50,0.0,gradient_boosting,0.0,-6870,True,2.8717225771036388,0.276,CRY (A),1,0.258,ARS (H),1,0.276,IPS (A),1,0.222,BRE (A),1,0.251,MCI (H),1,0.276,1.283,0.876,
241,McNeil,Dwight McNeil,MID,8,CRY,5.4,54,0.1,1.0,a,,50,0.0,gradient_boosting,0.0,-409,True,2.8717225771036388,0.275,NFO (H),1,0.241,BHA (A),1,0.251,NEW (H),1,0.277,TOT (A),1,0.256,LIV (H),1,0.275,1.3,0.875,
255,J.Cuenca,Jorge Cuenca Barreno,DEF,10,FUL,4.5,45,0.0,1.0,a,,50,0.0,gradient_boosting,0.0,-45,True,2.802085151978452,0.274,IPS (A),1,0.297,HUL (H),1,0.323,COV (A),1,0.308,AVL (A),1,0.292,NEW (H),1,0.274,1.494,0.996,
243,Alcaraz,Carlos Alcaraz Durán,MID,9,EVE,4.9,49,0.1,1.0,a,,50,0.0,gradient_boosting,0.0,-247,True,2.8717225771036388,0.269,HUL (A),1,0.281,CHE (H),1,0.259,ARS (A),1,0.251,NEW (A),1,0.297,COV (H),1,0.269,1.357,0.91,
549,Talbi,Chemsdine Talbi,MID,20,SUN,5.3,53,0.1,1.0,a,,43,0.0,gradient_boosting,0.0,-466,True,2.8717225771036388,0.249,BHA (H),1,0.26,BOU (A),1,0.253,LEE (H),1,0.275,COV (A),1,0.268,CHE (H),1,0.249,1.305,0.869,
548,Rigg,Chris Rigg,MID,20,SUN,4.9,49,0.0,1.0,a,,43,0.0,gradient_boosting,0.0,-204,True,2.8717225771036388,0.246,BHA (H),1,0.257,BOU (A),1,0.25,LEE (H),1,0.272,COV (A),1,0.264,CHE (H),1,0.246,1.289,0.859,
621,McAidoo,Ryan McAidoo,MID,15,MCI,4.5,45,0.1,1.0,a,,35,1.0,gradient_boosting,0.0,-907,True,2.8717225771036388,0.241,LIV (A),1,0.271,IPS (H),1,0.275,AVL (A),1,0.221,BHA (H),1,0.275,NFO (A),1,0.241,1.283,0.86,
81,Rodríguez,Álvaro Rodríguez,FWD,3,BOU,6.0,60,0.1,1.0,a,,5,0.3333333333333333,gradient_boosting,0.0,83,True,3.5854329730334533,0.238,CHE (A),1,0.247,SUN (H),1,0.238,MUN (A),1,0.208,LEE (H),1,0.247,IPS (A),1,0.238,1.178,0.796,
442,Pope,Nick Pope,GK,17,NEW,4.9,49,0.9,1.0,a,,50,0.0,gradient_boosting,0.0,-2315,True,2.517528275248518,0.229,COV (A),1,0.189,AVL (H),1,0.2,CRY (A),1,0.143,EVE (H),1,0.2,FUL (A),1,0.229,0.961,0.663,
38,A.García,Andrés García,DEF,2,AVL,4.0,40,1.5,1.0,a,,50,0.0,gradient_boosting,0.0,-4306,True,2.802085151978452,0.227,BRE (H),1,0.206,NEW (A),1,0.22,MCI (H),1,0.247,FUL (H),1,0.21,MUN (A),1,0.227,1.11,0.745,
185,Sakamoto,Tatsuhiro Sakamoto,MID,7,COV,4.8,48,0.1,1.0,a,,5,0.0,gradient_boosting,0.0,-258,True,2.8717225771036388,0.225,NEW (H),1,0.252,TOT (A),1,0.248,FUL (H),1,0.248,SUN (H),1,0.22,EVE (A),1,0.225,1.193,0.802,
159,Caicedo,Moisés Caicedo Corozo,MID,6,CHE,5.3,53,1.0,0.5,d,Calf injury - 50% chance of playing,50,0.0,gradient_boosting,0.0,-8691,True,2.8717225771036388,0.205,BOU (H),1,0.183,EVE (A),1,0.205,TOT (H),1,0.2,MUN (H),1,0.192,SUN (A),1,0.205,0.985,0.664,Availability flag
359,Gomez,Joe Gomez,DEF,14,LIV,4.9,49,0.0,1.0,a,,50,0.0,gradient_boosting,0.0,214,True,2.802085151978452,0.203,MCI (H),1,0.191,BRE (A),1,0.203,BHA (H),1,0.203,ARS (H),1,0.22,CRY (A),1,0.203,1.02,0.68,
285,McNair,Paddy McNair,DEF,11,HUL,4.0,40,0.1,1.0,a,,5,0.0,gradient_boosting,0.0,-218,True,2.802085151978452,0.194,EVE (H),1,0.181,FUL (A),1,0.179,BRE (H),1,0.193,IPS (H),1,0.143,ARS (A),1,0.194,0.89,0.611,
630,Harwood-Bellis,Taylor Harwood-Bellis,DEF,2,AVL,4.5,45,0.0,1.0,a,,41,0.0,gradient_boosting,0.0,8,True,2.802085151978452,0.188,BRE (H),1,0.199,NEW (A),1,0.228,MCI (H),1,0.309,FUL (H),1,0.22,MUN (A),1,0.188,1.144,0.741,
35,Bogarde,Lamare Bogarde,MID,2,AVL,4.9,49,0.1,1.0,a,,50,0.0,gradient_boosting,-0.1,-274,True,2.8717225771036388,0.183,BRE (H),1,0.19,NEW (A),1,0.202,MCI (H),1,0.223,FUL (H),1,0.203,MUN (A),1,0.183,1.001,0.662,
424,Amass,Harry Amass,DEF,16,MUN,4.0,40,0.2,1.0,a,,50,0.0,gradient_boosting,0.0,-369,True,2.802085151978452,0.146,TOT (H),1,0.066,LEE (A),1,0.121,BOU (H),1,0.073,CHE (A),1,0.131,AVL (H),1,0.146,0.537,0.367,
351,Mamardashvili,Giorgi Mamardashvili,GK,14,LIV,4.8,48,0.1,1.0,a,,43,0.0,gradient_boosting,-0.1,-375,True,2.517528275248518,0.138,MCI (H),1,0.128,BRE (A),1,0.138,BHA (H),1,0.128,ARS (H),1,0.164,CRY (A),1,0.138,0.696,0.461,
301,Palmer,Alex Palmer,GK,12,IPS,4.0,40,3.9,1.0,a,,19,0.0,gradient_boosting,0.0,-8063,True,2.517528275248518,0.133,FUL (H),1,0.107,MCI (A),1,0.117,NFO (H),1,0.097,HUL (A),1,0.133,BOU (H),1,0.133,0.587,0.398,
663,Pivas,Miodrag Pivas,DEF,17,NEW,4.0,40,0.0,1.0,a,,50,0.0,gradient_boosting,0.0,343,True,2.802085151978452,0.132,COV (A),1,0.135,AVL (H),1,0.103,CRY (A),1,0.106,EVE (H),1,0.108,FUL (A),1,0.132,0.584,0.404,
435,Lacey,Shea Lacey,MID,16,MUN,4.9,49,0.1,1.0,a,,32,0.0,gradient_boosting,0.0,12,True,2.8717225771036388,0.131,TOT (H),1,0.103,LEE (A),1,0.131,BOU (H),1,0.125,CHE (A),1,0.131,AVL (H),1,0.131,0.621,0.415,
574,Hjertø-Dahl,Jens Hjertø-Dahl,MID,11,HUL,4.9,49,0.1,1.0,a,,5,2.6666666666666665,gradient_boosting,0.0,-250,True,2.8717225771036388,0.131,EVE (H),1,0.154,FUL (A),1,0.108,BRE (H),1,0.15,IPS (H),1,0.11,ARS (A),1,0.131,0.653,0.445,
623,Bentley,Dan Bentley,GK,7,COV,4.0,40,0.6,1.0,a,,50,0.0,gradient_boosting,0.0,5781,True,2.517528275248518,0.122,NEW (H),1,0.151,TOT (A),1,0.122,FUL (H),1,0.122,SUN (H),1,0.086,EVE (A),1,0.122,0.603,0.419,
92,Ji-soo,Kim Ji-soo,DEF,4,BRE,4.4,44,0.0,1.0,a,,50,0.0,gradient_boosting,-0.1,-31,True,2.802085151978452,0.117,AVL (A),1,0.087,LIV (H),1,0.089,HUL (A),1,0.129,NFO (H),1,0.068,BHA (A),1,0.117,0.49,0.337,
89,Henry,Rico Henry,DEF,4,BRE,4.4,44,0.2,1.0,a,,50,0.0,gradient_boosting,0.0,-437,True,2.802085151978452,0.117,AVL (A),1,0.087,LIV (H),1,0.089,HUL (A),1,0.129,NFO (H),1,0.068,BHA (A),1,0.117,0.49,0.337,
660,Fredrick,Benjamin Fredrick,DEF,4,BRE,4.0,40,0.0,1.0,a,,50,0.0,gradient_boosting,0.0,465,True,2.802085151978452,0.117,AVL (A),1,0.087,LIV (H),1,0.089,HUL (A),1,0.129,NFO (H),1,0.068,BHA (A),1,0.117,0.49,0.337,
622,Braithwaite,Kaden Braithwaite,DEF,15,MCI,4.0,40,0.2,1.0,a,,4,0.0,gradient_boosting,0.0,-1077,True,2.802085151978452,0.111,LIV (A),1,0.161,IPS (H),1,0.159,AVL (A),1,0.141,BHA (H),1,0.153,NFO (A),1,0.111,0.725,0.476,
664,Salia,Vakhtang Salia,FWD,17,NEW,4.5,45,0.1,1.0,a,,1,0.0,gradient_boosting,0.0,8282,True,3.5854329730334533,0.104,COV (A),1,0.104,AVL (H),1,0.091,CRY (A),1,0.052,EVE (H),1,0.091,FUL (A),1,0.104,0.442,0.309,Limited history
2,Arrizabalaga,Kepa Arrizabalaga Revuelta,GK,1,ARS,4.9,49,0.1,1.0,a,,50,0.0,gradient_boosting,0.0,-149,True,2.517528275248518,0.101,LEE (H),1,0.121,NFO (A),1,0.101,EVE (H),1,0.101,LIV (A),1,0.101,HUL (H),1,0.101,0.525,0.356,
561,Anselmino,Aaron Anselmino,DEF,6,CHE,4.5,45,0.0,1.0,a,,50,0.0,gradient_boosting,0.0,-38,True,2.802085151978452,0.099,BOU (H),1,0.072,EVE (A),1,0.124,TOT (H),1,0.08,MUN (H),1,0.091,SUN (A),1,0.099,0.466,0.314,
303,Kipré,Cédric Kipré,DEF,12,IPS,3.9,39,0.9,1.0,a,,5,0.0,gradient_boosting,0.0,101,True,2.802085151978452,0.098,FUL (H),1,0.027,MCI (A),1,0.102,NFO (H),1,0.048,HUL (A),1,0.098,BOU (H),1,0.098,0.373,0.25,
117,Coppola,Diego Coppola,DEF,5,BHA,4.5,45,0.0,1.0,a,,42,0.0,gradient_boosting,0.0,10,True,2.802085151978452,0.094,SUN (A),1,0.102,CRY (H),1,0.056,LIV (A),1,0.055,MCI (A),1,0.069,BRE (H),1,0.094,0.376,0.268,
614,Hadjam,Jaouen Hadjam,DEF,5,BHA,4.5,45,0.0,1.0,a,,4,0.0,gradient_boosting,0.0,-6,True,2.802085151978452,0.094,SUN (A),1,0.102,CRY (H),1,0.056,LIV (A),1,0.055,MCI (A),1,0.069,BRE (H),1,0.094,0.376,0.268,
396,Vitor Reis,Vitor de Oliveira Nunes dos Reis,DEF,15,MCI,4.5,45,0.0,1.0,a,,50,0.0,gradient_boosting,0.0,-80,True,2.802085151978452,0.093,LIV (A),1,0.125,IPS (H),1,0.141,AVL (A),1,0.11,BHA (H),1,0.135,NFO (A),1,0.093,0.604,0.395,
169,Mheuka,Shumaira Mheuka,FWD,6,CHE,4.5,45,0.5,1.0,a,,20,0.0,gradient_boosting,0.0,1009,True,3.5854329730334533,0.091,BOU (H),1,0.052,EVE (A),1,0.104,TOT (H),1,0.082,MUN (H),1,0.091,SUN (A),1,0.091,0.42,0.278,
493,Kalimuendo,Arnaud Kalimuendo,FWD,18,NFO,5.4,54,0.1,1.0,a,,42,0.0,gradient_boosting,0.0,-194,True,3.5854329730334533,0.091,CRY (A),1,0.042,ARS (H),1,0.091,IPS (A),1,0.042,BRE (A),1,0.005,MCI (H),1,0.091,0.271,0.206,
272,Kusi-Asare,Jonah Kusi-Asare,FWD,10,FUL,4.5,45,5.4,1.0,a,,40,0.0,gradient_boosting,0.0,-22610,True,3.5854329730334533,0.091,IPS (A),1,0.052,HUL (H),1,0.104,COV (A),1,0.104,AVL (A),1,0.082,NEW (H),1,0.091,0.433,0.286,
321,Walle Egeli,Sindre Walle Egeli,FWD,12,IPS,4.5,45,3.5,1.0,a,,5,0.0,gradient_boosting,0.0,-8701,True,3.5854329730334533,0.091,FUL (H),1,0.005,MCI (A),1,0.064,NFO (H),1,0.052,HUL (A),1,0.091,BOU (H),1,0.091,0.303,0.2,
556,Targett,Matt Targett,DEF,11,HUL,4.0,40,1.6,0.75,d,Ankle injury - 75% chance of playing,50,0.0,gradient_boosting,0.0,-9962,True,2.802085151978452,0.088,EVE (H),1,0.089,FUL (A),1,0.077,BRE (H),1,0.084,IPS (H),1,0.06,ARS (A),1,0.088,0.398,0.276,Availability flag
438,Fletcher,Tyler Fletcher,MID,16,MUN,4.4,44,0.3,1.0,a,,26,0.0,gradient_boosting,0.0,438,True,2.8717225771036388,0.087,TOT (H),1,0.058,LEE (A),1,0.087,BOU (H),1,0.08,CHE (A),1,0.087,AVL (H),1,0.087,0.399,0.266,
443,Gillespie,Mark Gillespie,GK,17,NEW,4.5,45,0.0,1.0,a,,50,0.0,gradient_boosting,0.0,-46,True,2.517528275248518,0.082,COV (A),1,0.063,AVL (H),1,0.053,CRY (A),1,0.034,EVE (H),1,0.053,FUL (A),1,0.082,0.285,0.205,
476,O.Richards,Omar Richards,DEF,18,NFO,4.0,40,0.2,1.0,a,,50,0.0,gradient_boosting,0.0,-441,True,2.802085151978452,0.079,CRY (A),1,0.062,ARS (H),1,0.06,IPS (A),1,0.063,BRE (A),1,0.074,MCI (H),1,0.079,0.338,0.23,
284,McCarthy,Cathal McCarthy,DEF,11,HUL,4.0,40,0.1,1.0,a,,5,0.0,gradient_boosting,0.0,-45,True,2.802085151978452,0.079,EVE (H),1,0.067,FUL (A),1,0.065,BRE (H),1,0.078,IPS (H),1,0.028,ARS (A),1,0.079,0.317,0.226,
659,Miley,Mason Miley,MID,17,NEW,4.5,45,0.0,1.0,a,,2,0.0,gradient_boosting,0.0,775,True,2.8717225771036388,0.077,COV (A),1,0.073,AVL (H),1,0.062,CRY (A),1,0.054,EVE (H),1,0.077,FUL (A),1,0.077,0.343,0.234,Limited history
666,Thompson,Kyran Thompson,MID,17,NEW,4.5,45,0.0,1.0,a,,1,0.0,gradient_boosting,0.0,205,True,2.8717225771036388,0.077,COV (A),1,0.073,AVL (H),1,0.062,CRY (A),1,0.054,EVE (H),1,0.077,FUL (A),1,0.077,0.343,0.234,Limited history
665,Mills,Michael Mills,MID,17,NEW,4.5,45,0.0,1.0,a,,1,0.0,gradient_boosting,0.0,134,True,2.8717225771036388,0.077,COV (A),1,0.073,AVL (H),1,0.062,CRY (A),1,0.054,EVE (H),1,0.077,FUL (A),1,0.077,0.343,0.234,Limited history
657,Nunes,Gustavo Nunes Fernandes Gomes,MID,4,BRE,4.5,45,0.0,1.0,a,,50,0.0,gradient_boosting,0.0,81,True,2.8717225771036388,0.075,AVL (A),1,0.052,LIV (H),1,0.041,HUL (A),1,0.071,NFO (H),1,0.037,BHA (A),1,0.075,0.276,0.194,
482,Hudson-Odoi,Callum Hudson-Odoi,MID,18,NFO,5.8,58,0.1,1.0,a,,50,0.0,gradient_boosting,0.0,-907,True,2.8717225771036388,0.074,CRY (A),1,0.057,ARS (H),1,0.074,IPS (A),1,0.033,BRE (A),1,0.063,MCI (H),1,0.074,0.301,0.21,
66,Soler,Julio Soler Barreto,DEF,3,BOU,4.0,40,0.3,1.0,a,,50,0.0,gradient_boosting,0.0,-394,True,2.802085151978452,0.073,CHE (A),1,0.121,SUN (H),1,0.084,MUN (A),1,0.083,LEE (H),1,0.08,IPS (A),1,0.073,0.441,0.299,
221,Drakes-Thomas,Joél Drakes-Thomas,MID,8,CRY,4.5,45,0.1,1.0,a,,26,0.0,gradient_boosting,0.0,-288,True,2.8717225771036388,0.073,NFO (H),1,0.039,BHA (A),1,0.05,NEW (H),1,0.077,TOT (A),1,0.054,LIV (H),1,0.073,0.293,0.198,
437,Bendito Mantato,Bendito Mantato,MID,16,MUN,4.4,44,0.2,1.0,a,,27,0.0,gradient_boosting,-0.1,-440,True,2.8717225771036388,0.073,TOT (H),1,0.043,LEE (A),1,0.073,BOU (H),1,0.066,CHE (A),1,0.073,AVL (H),1,0.073,0.328,0.218,
324,Mehmeti,Anis Mehmeti,MID,12,IPS,4.8,48,0.0,1.0,a,,5,0.0,gradient_boosting,-0.1,-71,True,2.8717225771036388,0.073,FUL (H),1,0.039,MCI (A),1,0.073,NFO (H),1,0.043,HUL (A),1,0.073,BOU (H),1,0.073,0.301,0.203,
310,Matusiwa,Azor Matusiwa,MID,12,IPS,4.9,49,0.0,1.0,a,,5,0.0,gradient_boosting,0.0,-2,True,2.8717225771036388,0.073,FUL (H),1,0.039,MCI (A),1,0.073,NFO (H),1,0.043,HUL (A),1,0.073,BOU (H),1,0.073,0.301,0.203,
434,J.Fletcher,Jack Fletcher,MID,16,MUN,4.9,49,0.0,1.0,a,,50,0.0,gradient_boosting,0.0,-15,True,2.8717225771036388,0.071,TOT (H),1,0.041,LEE (A),1,0.071,BOU (H),1,0.064,CHE (A),1,0.071,AVL (H),1,0.071,0.318,0.211,
218,Doucouré,Cheick Doucouré,MID,8,CRY,4.8,48,0.0,1.0,a,,50,0.0,gradient_boosting,-0.1,-188,True,2.8717225771036388,0.071,NFO (H),1,0.037,BHA (A),1,0.048,NEW (H),1,0.075,TOT (A),1,0.052,LIV (H),1,0.071,0.283,0.191,
508,Davies,Ben Davies,DEF,19,TOT,3.9,39,0.9,1.0,a,,50,0.0,gradient_boosting,-0.1,3606,True,2.802085151978452,0.064,MUN (A),1,0.125,COV (H),1,0.065,CHE (A),1,0.097,CRY (H),1,0.045,LEE (A),1,0.064,0.396,0.274,
661,Balcombe,Ellery Balcombe,GK,4,BRE,4.0,40,0.0,1.0,a,,50,0.0,gradient_boosting,0.0,2367,True,2.517528275248518,0.063,AVL (A),1,0.034,LIV (H),1,0.034,HUL (A),1,0.054,NFO (H),1,0.044,BHA (A),1,0.063,0.229,0.158,
83,Valdimarsson,Hákon Rafn Valdimarsson,GK,4,BRE,4.5,45,0.1,1.0,a,,50,0.0,gradient_boosting,0.0,-41,True,2.517528275248518,0.063,AVL (A),1,0.034,LIV (H),1,0.034,HUL (A),1,0.054,NFO (H),1,0.044,BHA (A),1,0.063,0.229,0.158,
134,Oriola,Nehemiah Oriola,MID,5,BHA,4.5,45,0.2,1.0,a,,35,0.0,gradient_boosting,0.0,-1001,True,2.8717225771036388,0.062,SUN (A),1,0.073,CRY (H),1,0.043,LIV (A),1,0.039,MCI (A),1,0.031,BRE (H),1,0.062,0.248,0.181,
658,Ibrahim,Younes Ibrahim,MID,5,BHA,4.5,45,0.0,1.0,a,,2,0.0,gradient_boosting,0.0,93,True,2.8717225771036388,0.062,SUN (A),1,0.073,CRY (H),1,0.043,LIV (A),1,0.039,MCI (A),1,0.031,BRE (H),1,0.062,0.248,0.181,Limited history
636,Ángel,Manuel Ángel Morán Ibáñez,MID,10,FUL,5.0,50,0.0,1.0,a,,3,0.0,gradient_boosting,0.0,6,True,2.8717225771036388,0.062,IPS (A),1,0.054,HUL (H),1,0.077,COV (A),1,0.077,AVL (A),1,0.05,NEW (H),1,0.062,0.32,0.214,
626,Zepa,Macaulay Zepa,MID,10,FUL,4.4,44,0.3,1.0,a,,4,0.0,gradient_boosting,-0.1,-1482,True,2.8717225771036388,0.062,IPS (A),1,0.054,HUL (H),1,0.077,COV (A),1,0.077,AVL (A),1,0.05,NEW (H),1,0.062,0.32,0.214,
270,Reed,Harrison Reed,MID,10,FUL,4.4,44,1.1,1.0,a,,50,0.0,gradient_boosting,0.0,-4117,True,2.8717225771036388,0.06,IPS (A),1,0.052,HUL (H),1,0.075,COV (A),1,0.075,AVL (A),1,0.048,NEW (H),1,0.06,0.31,0.208,
361,Lucky,Wellity Lucky,DEF,14,LIV,4.0,40,0.1,1.0,a,,28,0.0,gradient_boosting,0.0,-290,True,2.802085151978452,0.059,MCI (H),1,0.034,BRE (A),1,0.059,BHA (H),1,0.06,ARS (H),1,0.067,CRY (A),1,0.059,0.279,0.182,
606,Rowe,Triston Rowe,DEF,2,AVL,4.0,40,0.2,1.0,a,,42,0.0,gradient_boosting,0.0,-596,True,2.802085151978452,0.057,BRE (H),1,0.022,NEW (A),1,0.05,MCI (H),1,0.077,FUL (H),1,0.026,MUN (A),1,0.057,0.232,0.157,
555,Matthews,Remi Matthews,GK,8,CRY,4.0,40,1.7,1.0,a,,50,0.0,gradient_boosting,0.0,-1946,True,2.517528275248518,0.054,NFO (H),1,0.044,BHA (A),1,0.053,NEW (H),1,0.082,TOT (A),1,0.034,LIV (H),1,0.054,0.267,0.179,
288,Dowell,Kieran Dowell,MID,11,HUL,4.5,45,0.3,1.0,a,,5,0.0,gradient_boosting,0.0,-1448,True,2.8717225771036388,0.054,EVE (H),1,0.077,FUL (A),1,0.031,BRE (H),1,0.073,IPS (H),1,0.033,ARS (A),1,0.054,0.268,0.186,
294,Zambrano,Óscar Zambrano,MID,11,HUL,4.5,45,0.1,1.0,a,,5,0.0,gradient_boosting,0.0,-346,True,2.8717225771036388,0.054,EVE (H),1,0.077,FUL (A),1,0.031,BRE (H),1,0.073,IPS (H),1,0.033,ARS (A),1,0.054,0.268,0.186,
645,Mouzakitis,Christos Mouzakitis,MID,11,HUL,5.0,50,0.0,1.0,a,,3,0.0,gradient_boosting,0.0,-1,True,2.8717225771036388,0.054,EVE (H),1,0.077,FUL (A),1,0.031,BRE (H),1,0.073,IPS (H),1,0.033,ARS (A),1,0.054,0.268,0.186,
292,Ömür,Abdülkadir Ömür,MID,11,HUL,4.9,49,0.0,1.0,a,,5,0.0,gradient_boosting,0.0,-62,True,2.8717225771036388,0.054,EVE (H),1,0.077,FUL (A),1,0.031,BRE (H),1,0.073,IPS (H),1,0.033,ARS (A),1,0.054,0.268,0.186,
615,Di Gregorio,Michele Di Gregorio,GK,3,BOU,4.5,45,0.0,1.0,a,,4,0.0,gradient_boosting,0.0,-11,True,2.517528275248518,0.053,CHE (A),1,0.053,SUN (H),1,0.053,MUN (A),1,0.034,LEE (H),1,0.053,IPS (A),1,0.053,0.246,0.168,
560,Penders,Mike Penders,GK,6,CHE,4.4,44,0.1,1.0,a,,42,0.0,gradient_boosting,0.0,-57,True,2.517528275248518,0.053,BOU (H),1,0.034,EVE (A),1,0.082,TOT (H),1,0.053,MUN (H),1,0.053,SUN (A),1,0.053,0.275,0.182,
590,Benda,Steven Benda,GK,18,NFO,4.5,45,0.1,1.0,a,,50,0.0,gradient_boosting,0.0,-115,True,2.517528275248518,0.053,CRY (A),1,0.034,ARS (H),1,0.053,IPS (A),1,0.034,BRE (A),1,0.044,MCI (H),1,0.053,0.218,0.15,
58,Forster,Fraser Forster,GK,3,BOU,4.0,40,3.5,1.0,a,,50,0.0,gradient_boosting,0.0,841,True,2.517528275248518,0.053,CHE (A),1,0.053,SUN (H),1,0.053,MUN (A),1,0.034,LEE (H),1,0.053,IPS (A),1,0.053,0.246,0.168,
178,Bidwell,Jake Bidwell,DEF,7,COV,4.0,40,0.1,1.0,a,,5,0.0,gradient_boosting,0.0,-124,True,2.802085151978452,0.053,NEW (H),1,0.071,TOT (A),1,0.077,FUL (H),1,0.077,SUN (H),1,0.027,EVE (A),1,0.053,0.305,0.21,
302,Button,David Button,GK,12,IPS,4.0,40,0.6,1.0,a,,5,0.0,gradient_boosting,0.0,144,True,2.517528275248518,0.053,FUL (H),1,0.044,MCI (A),1,0.054,NFO (H),1,0.034,HUL (A),1,0.053,BOU (H),1,0.053,0.238,0.162,
468,John,John Victor Maciel Furtado,GK,18,NFO,4.5,45,0.1,1.0,a,,40,0.0,gradient_boosting,0.0,-93,True,2.517528275248518,0.053,CRY (A),1,0.034,ARS (H),1,0.053,IPS (A),1,0.034,BRE (A),1,0.044,MCI (H),1,0.053,0.218,0.15,
172,Wilson,Ben Wilson,GK,7,COV,4.4,44,0.4,1.0,a,,5,0.0,gradient_boosting,0.0,-454,True,2.517528275248518,0.053,NEW (H),1,0.082,TOT (A),1,0.053,FUL (H),1,0.053,SUN (H),1,0.034,EVE (A),1,0.053,0.275,0.194,
251,Lecomte,Benjamin Lecomte,GK,10,FUL,4.0,40,1.1,1.0,a,,43,0.0,gradient_boosting,0.0,-21,True,2.517528275248518,0.053,IPS (A),1,0.034,HUL (H),1,0.082,COV (A),1,0.063,AVL (A),1,0.053,NEW (H),1,0.053,0.285,0.187,
495,Austin,Brandon Austin,GK,19,TOT,4.0,40,1.0,1.0,a,,50,0.0,gradient_boosting,0.0,-243,True,2.517528275248518,0.053,MUN (A),1,0.082,COV (H),1,0.053,CHE (A),1,0.053,CRY (H),1,0.034,LEE (A),1,0.053,0.275,0.194,
497,Dubravka,Martin Dubravka,GK,19,TOT,4.0,40,17.1,1.0,a,,50,0.0,gradient_boosting,0.0,-21813,True,2.517528275248518,0.053,MUN (A),1,0.082,COV (H),1,0.053,CHE (A),1,0.053,CRY (H),1,0.034,LEE (A),1,0.053,0.275,0.194,
111,Steele,Jason Steele,GK,5,BHA,4.0,40,4.1,1.0,a,,50,0.0,gradient_boosting,0.0,-7815,True,2.517528275248518,0.053,SUN (A),1,0.053,CRY (H),1,0.034,LIV (A),1,0.044,MCI (A),1,0.034,BRE (H),1,0.053,0.218,0.154,
158,Gittens,Jamie Bynoe-Gittens,MID,6,CHE,5.8,58,0.0,0.75,d,Ankle injury - 75% chance of playing,42,0.0,gradient_boosting,-0.1,-104,True,2.8717225771036388,0.052,BOU (H),1,0.03,EVE (A),1,0.052,TOT (H),1,0.045,MUN (H),1,0.044,SUN (A),1,0.052,0.223,0.15,Availability flag
655,Gboho,Yann Gboho,MID,7,COV,5.5,55,0.0,1.0,a,,2,0.0,gradient_boosting,0.0,21,True,2.8717225771036388,0.05,NEW (H),1,0.077,TOT (A),1,0.073,FUL (H),1,0.073,SUN (H),1,0.043,EVE (A),1,0.05,0.316,0.213,Limited history
601,Williams-Barnett,Luca Williams-Barnett,MID,19,TOT,4.5,45,0.1,1.0,a,,50,0.0,gradient_boosting,0.0,-599,True,2.8717225771036388,0.05,MUN (A),1,0.071,COV (H),1,0.064,CHE (A),1,0.071,CRY (H),1,0.041,LEE (A),1,0.05,0.297,0.201,
613,Ahoka,Jules Ahoka,MID,20,SUN,4.5,45,0.2,1.0,a,,4,0.0,gradient_boosting,0.0,-1024,True,2.8717225771036388,0.05,BHA (H),1,0.062,BOU (A),1,0.054,LEE (H),1,0.077,COV (A),1,0.07,CHE (H),1,0.05,0.313,0.202,
189,Shepherd,George Shepherd,MID,7,COV,4.4,44,0.3,1.0,a,,5,0.0,gradient_boosting,0.0,1806,True,2.8717225771036388,0.05,NEW (H),1,0.077,TOT (A),1,0.073,FUL (H),1,0.073,SUN (H),1,0.043,EVE (A),1,0.05,0.316,0.213,
524,Olusesi,Callum Olusesi,MID,19,TOT,4.4,44,1.0,1.0,a,,50,0.0,gradient_boosting,0.0,-1585,True,2.8717225771036388,0.05,MUN (A),1,0.071,COV (H),1,0.064,CHE (A),1,0.071,CRY (H),1,0.041,LEE (A),1,0.05,0.297,0.201,
550,Jocelin.T,Djiamgone Jocelin Ta Bi,MID,20,SUN,5.0,50,0.0,1.0,a,,21,0.0,gradient_boosting,0.0,-12,True,2.8717225771036388,0.05,BHA (H),1,0.062,BOU (A),1,0.054,LEE (H),1,0.077,COV (A),1,0.07,CHE (H),1,0.05,0.313,0.202,
378,McConnell,James McConnell,MID,14,LIV,4.4,44,0.2,1.0,a,,50,0.0,gradient_boosting,0.0,-459,True,2.8717225771036388,0.048,MCI (H),1,0.018,BRE (A),1,0.048,BHA (H),1,0.042,ARS (H),1,0.06,CRY (A),1,0.048,0.216,0.139,
374,Endo,Endo Wataru,MID,14,LIV,4.9,49,0.1,1.0,a,,50,0.0,gradient_boosting,0.0,-282,True,2.8717225771036388,0.048,MCI (H),1,0.018,BRE (A),1,0.048,BHA (H),1,0.042,ARS (H),1,0.06,CRY (A),1,0.048,0.216,0.139,
355,Davies,Harvey Davies,GK,14,LIV,4.0,40,0.2,1.0,a,,33,0.0,gradient_boosting,0.0,-178,True,2.517528275248518,0.044,MCI (H),1,0.034,BRE (A),1,0.044,BHA (H),1,0.034,ARS (H),1,0.053,CRY (A),1,0.044,0.209,0.138,
531,Ellborg,Melker Ellborg,GK,20,SUN,4.4,44,0.1,1.0,a,,19,0.0,gradient_boosting,-0.1,-121,True,2.517528275248518,0.044,BHA (H),1,0.053,BOU (A),1,0.034,LEE (H),1,0.082,COV (A),1,0.053,CHE (H),1,0.044,0.266,0.172,
352,Woodman,Freddie Woodman,GK,14,LIV,4.0,40,1.0,1.0,a,,43,0.0,gradient_boosting,0.0,-1596,True,2.517528275248518,0.044,MCI (H),1,0.034,BRE (A),1,0.044,BHA (H),1,0.034,ARS (H),1,0.053,CRY (A),1,0.044,0.209,0.138,
654,Graham,Braiden Graham,MID,9,EVE,4.5,45,0.1,1.0,a,,23,0.0,gradient_boosting,0.0,-781,True,2.8717225771036388,0.043,HUL (A),1,0.07,CHE (H),1,0.033,ARS (A),1,0.04,NEW (A),1,0.073,COV (H),1,0.043,0.259,0.171,
628,Allan,Allan Andrade Elias,MID,15,MCI,6.0,60,0.0,1.0,a,,3,0.0,gradient_boosting,0.0,57,True,2.8717225771036388,0.043,LIV (A),1,0.073,IPS (H),1,0.077,AVL (A),1,0.05,BHA (H),1,0.077,NFO (A),1,0.043,0.32,0.208,
653,Samba,Floyd Samba,MID,15,MCI,4.5,45,0.0,1.0,a,,3,0.0,gradient_boosting,0.0,-246,True,2.8717225771036388,0.043,LIV (A),1,0.073,IPS (H),1,0.077,AVL (A),1,0.05,BHA (H),1,0.077,NFO (A),1,0.043,0.32,0.208,
444,Jaouen,Ewen Jaouen,GK,17,NEW,4.4,44,0.0,0.5,d,Ankle injury - 50% chance of playing,5,0.0,gradient_boosting,-0.1,-100,True,2.517528275248518,0.041,COV (A),1,0.032,AVL (H),1,0.027,CRY (A),1,0.017,EVE (H),1,0.027,FUL (A),1,0.041,0.144,0.104,Availability flag
62,Diakité,Bafodé Diakité,DEF,3,BOU,4.9,49,0.2,1.0,a,,42,0.0,gradient_boosting,-0.1,-495,True,2.802085151978452,0.04,CHE (A),1,0.098,SUN (H),1,0.047,MUN (A),1,0.06,LEE (H),1,0.047,IPS (A),1,0.04,0.292,0.198,
573,Sanchez,Juanlu Sánchez,DEF,3,BOU,4.4,44,0.2,1.0,a,,5,0.0,gradient_boosting,0.0,-292,True,2.802085151978452,0.04,CHE (A),1,0.098,SUN (H),1,0.047,MUN (A),1,0.06,LEE (H),1,0.047,IPS (A),1,0.04,0.292,0.198,
152,Palestra,Marco Palestra,DEF,6,CHE,5.3,53,0.6,0.5,d,Thigh injury - 50% chance of playing,5,0.0,gradient_boosting,0.0,-3683,True,2.802085151978452,0.038,BOU (H),1,0.018,EVE (A),1,0.05,TOT (H),1,0.028,MUN (H),1,0.027,SUN (A),1,0.038,0.161,0.11,Availability flag
667,Wright,James Wright,GK,2,AVL,4.0,40,0.1,1.0,a,,50,0.0,gradient_boosting,0.0,6464,True,2.517528275248518,0.034,BRE (H),1,0.053,NEW (A),1,0.044,MCI (H),1,0.053,FUL (H),1,0.053,MUN (A),1,0.034,0.237,0.153,
625,Cairns,Alex Cairns,GK,13,LEE,4.0,40,0.2,1.0,a,,41,0.0,gradient_boosting,0.0,62,True,2.517528275248518,0.034,ARS (A),1,0.053,MUN (H),1,0.053,SUN (A),1,0.053,BOU (A),1,0.082,TOT (H),1,0.034,0.275,0.171,
629,Zetterer,Michael Zetterer,GK,13,LEE,4.0,40,0.7,1.0,a,,3,0.0,gradient_boosting,0.0,258,True,2.517528275248518,0.034,ARS (A),1,0.053,MUN (H),1,0.053,SUN (A),1,0.053,BOU (A),1,0.082,TOT (H),1,0.034,0.275,0.171,
228,King,Tom King,GK,9,EVE,4.5,45,0.0,1.0,a,,50,0.0,gradient_boosting,0.0,-60,True,2.517528275248518,0.034,HUL (A),1,0.053,CHE (H),1,0.034,ARS (A),1,0.053,NEW (A),1,0.082,COV (H),1,0.034,0.256,0.159,
386,Bettinelli,Marcus Bettinelli,GK,15,MCI,4.5,45,0.0,1.0,a,,50,0.0,gradient_boosting,0.0,-39,True,2.517528275248518,0.034,LIV (A),1,0.053,IPS (H),1,0.063,AVL (A),1,0.044,BHA (H),1,0.054,NFO (A),1,0.034,0.248,0.161,
587,Rulli,Gerónimo Rulli,GK,15,MCI,5.0,50,0.0,1.0,a,,5,0.0,gradient_boosting,0.0,-31,True,2.517528275248518,0.034,LIV (A),1,0.053,IPS (H),1,0.063,AVL (A),1,0.044,BHA (H),1,0.054,NFO (A),1,0.034,0.248,0.161,
273,Phillips,Dillon Phillips,GK,11,HUL,4.0,40,1.4,1.0,a,,5,0.0,gradient_boosting,0.0,-514,True,2.517528275248518,0.034,EVE (H),1,0.053,FUL (A),1,0.034,BRE (H),1,0.053,IPS (H),1,0.034,ARS (A),1,0.034,0.208,0.139,
227,Travers,Mark Travers,GK,9,EVE,5.0,50,0.0,1.0,a,,50,0.0,gradient_boosting,0.0,-13,True,2.517528275248518,0.034,HUL (A),1,0.053,CHE (H),1,0.034,ARS (A),1,0.053,NEW (A),1,0.082,COV (H),1,0.034,0.256,0.159,
3,Meslier,Illan Meslier,GK,1,ARS,4.9,49,0.0,1.0,a,,42,0.0,gradient_boosting,0.0,-77,True,2.517528275248518,0.034,LEE (H),1,0.054,NFO (A),1,0.034,EVE (H),1,0.034,LIV (A),1,0.034,HUL (H),1,0.034,0.19,0.13,
344,Gruev,Ilia Gruev,MID,13,LEE,5.0,50,0.0,1.0,a,,42,0.0,gradient_boosting,0.0,27,True,2.8717225771036388,0.033,ARS (A),1,0.063,MUN (H),1,0.062,SUN (A),1,0.062,BOU (A),1,0.073,TOT (H),1,0.033,0.293,0.185,
604,Cresswell,Alfie Cresswell,MID,13,LEE,4.5,45,0.1,1.0,a,,7,0.0,gradient_boosting,0.0,-590,True,2.8717225771036388,0.033,ARS (A),1,0.063,MUN (H),1,0.062,SUN (A),1,0.062,BOU (A),1,0.073,TOT (H),1,0.033,0.293,0.185,
50,Burrowes,Bradley Burrowes,MID,2,AVL,4.5,45,0.6,1.0,a,,42,0.0,gradient_boosting,0.0,-2793,True,2.8717225771036388,0.031,BRE (H),1,0.04,NEW (A),1,0.05,MCI (H),1,0.073,FUL (H),1,0.052,MUN (A),1,0.031,0.246,0.154,
603,Lienou,Jayden Lienou,DEF,13,LEE,4.0,40,0.1,1.0,a,,8,0.0,gradient_boosting,0.0,-280,True,2.802085151978452,0.028,ARS (A),1,0.078,MUN (H),1,0.067,SUN (A),1,0.067,BOU (A),1,0.122,TOT (H),1,0.028,0.362,0.218,
510,Rowswell,James Rowswell,DEF,19,TOT,4.0,40,0.1,1.0,a,,33,0.0,gradient_boosting,0.0,-183,True,2.802085151978452,0.026,MUN (A),1,0.102,COV (H),1,0.032,CHE (A),1,0.077,CRY (H),1,0.008,LEE (A),1,0.026,0.245,0.171,
509,Byfield,Jun'ai Byfield,DEF,19,TOT,4.0,40,0.1,1.0,a,,36,0.0,gradient_boosting,0.0,-124,True,2.802085151978452,0.026,MUN (A),1,0.102,COV (H),1,0.032,CHE (A),1,0.077,CRY (H),1,0.008,LEE (A),1,0.026,0.245,0.171,
382,Danns,Jayden Danns,FWD,14,LIV,4.5,45,0.2,1.0,a,,50,0.0,gradient_boosting,0.0,1117,True,3.5854329730334533,0.005,MCI (H),1,0.042,BRE (A),1,0.005,BHA (H),1,0.042,ARS (H),1,0.091,CRY (A),1,0.005,0.185,0.101,
651,J.Angulo,Juan Angulo,FWD,20,SUN,4.5,45,0.7,1.0,a,,3,0.0,gradient_boosting,0.0,1604,True,3.5854329730334533,0.005,BHA (H),1,0.091,BOU (A),1,0.052,LEE (H),1,0.104,COV (A),1,0.082,CHE (H),1,0.005,0.334,0.198,
80,Enes Ünal,Enes Ünal,FWD,3,BOU,5.5,55,0.0,0.0,u,Has joined Getafe permanently,50,0.0,gradient_boosting,0.0,-51,False,3.5854329730334533,0.0,CHE (A),1,0.0,SUN (H),1,0.0,MUN (A),1,0.0,LEE (H),1,0.0,IPS (A),1,0.0,0.0,0.0,Availability flag
78,Kroupi.Jr,Junior Kroupi,MID,3,BOU,7.4,74,0.2,0.0,i,Foot injury - Expected back 7 Nov,42,0.0,gradient_boosting,0.0,-692,True,2.8717225771036388,0.0,CHE (A),1,0.0,SUN (H),1,0.0,MUN (A),1,0.0,LEE (H),1,0.0,IPS (A),1,0.0,0.0,0.0,Availability flag
77,Adli,Amine Adli,MID,3,BOU,4.9,49,0.0,0.0,i,Calf injury - Unknown return date,41,0.0,gradient_boosting,0.0,-53,True,2.8717225771036388,0.0,CHE (A),1,0.0,SUN (H),1,0.0,MUN (A),1,0.0,LEE (H),1,0.0,IPS (A),1,0.0,0.0,0.0,Availability flag
103,Dasilva,Josh Dasilva,MID,4,BRE,4.9,49,0.0,0.0,i,Hamstring injury - Expected back 10 Oct,50,0.0,gradient_boosting,0.0,-95,True,2.8717225771036388,0.0,AVL (A),1,0.0,LIV (H),1,0.0,HUL (A),1,0.0,NFO (H),1,0.0,BHA (A),1,0.0,0.0,0.0,Availability flag
225,Uche,Christantus Uche,FWD,8,CRY,5.0,50,0.0,0.0,u,has returned to Getafe CF,39,0.0,gradient_boosting,0.0,0,False,3.5854329730334533,0.0,NFO (H),1,0.0,BHA (A),1,0.0,NEW (H),1,0.0,TOT (A),1,0.0,LIV (H),1,0.0,0.0,0.0,Availability flag
223,Mateta,Jean-Philippe Mateta,FWD,8,CRY,6.3,63,1.3,0.0,i,Hamstring injury - Expected back 11 Oct,50,0.0,gradient_boosting,0.0,-9054,True,3.5854329730334533,0.0,NFO (H),1,0.0,BHA (A),1,0.0,NEW (H),1,0.0,TOT (A),1,0.0,LIV (H),1,0.0,0.0,0.0,Availability flag
220,Cardines,Rio Cardines,DEF,8,CRY,4.5,45,0.0,0.0,u,Has joined Bristol City on loan for the rest of the season,42,0.0,gradient_boosting,0.0,-3,False,2.802085151978452,0.0,NFO (H),1,0.0,BHA (A),1,0.0,NEW (H),1,0.0,TOT (A),1,0.0,LIV (H),1,0.0,0.0,0.0,Availability flag
219,J.Rak-Sakyi,Jesurun Rak-Sakyi,MID,8,CRY,4.9,49,0.0,0.0,u,has joined  Kasimpasa on loan for the rest of the seaon.,50,0.0,gradient_boosting,0.0,-26,False,2.8717225771036388,0.0,NFO (H),1,0.0,BHA (A),1,0.0,NEW (H),1,0.0,TOT (A),1,0.0,LIV (H),1,0.0,0.0,0.0,Availability flag
217,M.França,Matheus França de Oliveira,MID,8,CRY,4.9,49,0.0,0.0,u,Has joined Alverca on loan for the rest of the season,50,0.0,gradient_boosting,0.0,-159,False,2.8717225771036388,0.0,NFO (H),1,0.0,BHA (A),1,0.0,NEW (H),1,0.0,TOT (A),1,0.0,LIV (H),1,0.0,0.0,0.0,Availability flag
216,Esse,Romain Esse,MID,8,CRY,5.0,50,0.0,0.0,u,Has joined Millwall on loan for the rest of the season,50,0.0,gradient_boosting,0.0,-127,False,2.8717225771036388,0.0,NFO (H),1,0.0,BHA (A),1,0.0,NEW (H),1,0.0,TOT (A),1,0.0,LIV (H),1,0.0,0.0,0.0,Availability flag
215,Devenny,Justin Devenny,MID,8,CRY,5.0,50,0.0,0.0,u,Has joined Stoke City permanently,50,0.0,gradient_boosting,0.0,-35,False,2.8717225771036388,0.0,NFO (H),1,0.0,BHA (A),1,0.0,NEW (H),1,0.0,TOT (A),1,0.0,LIV (H),1,0.0,0.0,0.0,Availability flag
21,Nørgaard,Christian Nørgaard,MID,9,EVE,4.8,48,0.0,0.0,i,Groin injury - Unknown return date,50,0.0,gradient_boosting,-0.1,-273,True,2.8717225771036388,0.0,HUL (A),1,0.0,CHE (H),1,0.0,ARS (A),1,0.0,NEW (A),1,0.0,COV (H),1,0.0,0.0,0.0,Availability flag
365,Ramsay,Calvin Ramsay,DEF,14,LIV,4.0,40,0.1,0.0,u,Has joined St Mirren on loan for the rest of the season,43,0.0,gradient_boosting,0.0,-491,False,2.802085151978452,0.0,MCI (H),1,0.0,BRE (A),1,0.0,BHA (H),1,0.0,ARS (H),1,0.0,CRY (A),1,0.0,0.0,0.0,Availability flag
363,Leoni,Giovanni Leoni,DEF,14,LIV,4.0,40,0.0,0.0,i,Knee injury - Unknown return date,42,0.0,gradient_boosting,0.0,-118,True,2.802085151978452,0.0,MCI (H),1,0.0,BRE (A),1,0.0,BHA (H),1,0.0,ARS (H),1,0.0,CRY (A),1,0.0,0.0,0.0,Availability flag
360,Bradley,Conor Bradley,DEF,14,LIV,5.0,50,0.0,0.0,i,Knee injury - Unknown return date,50,0.0,gradient_boosting,0.0,-28,True,2.802085151978452,0.0,MCI (H),1,0.0,BRE (A),1,0.0,BHA (H),1,0.0,ARS (H),1,0.0,CRY (A),1,0.0,0.0,0.0,Availability flag
370,Chiesa,Federico Chiesa,MID,14,LIV,5.3,53,0.0,0.0,i,Back injury - Unknown return date,50,0.0,gradient_boosting,-0.1,-236,True,2.8717225771036388,0.0,MCI (H),1,0.0,BRE (A),1,0.0,BHA (H),1,0.0,ARS (H),1,0.0,CRY (A),1,0.0,0.0,0.0,Availability flag
376,Bajcetic,Stefan Bajčetić Maquieira,MID,14,LIV,5.0,50,0.0,0.0,u,Has joined Celta Vigo permanently,50,0.0,gradient_boosting,0.0,-3,False,2.8717225771036388,0.0,MCI (H),1,0.0,BRE (A),1,0.0,BHA (H),1,0.0,ARS (H),1,0.0,CRY (A),1,0.0,0.0,0.0,Availability flag
354,Jaros,Vitezslav Jaros,GK,14,LIV,4.0,40,0.0,0.0,i,Knee injury - Unknown return date,37,0.0,gradient_boosting,0.0,48,True,2.517528275248518,0.0,MCI (H),1,0.0,BRE (A),1,0.0,BHA (H),1,0.0,ARS (H),1,0.0,CRY (A),1,0.0,0.0,0.0,Availability flag
353,Pecsi,Armin Pecsi,GK,14,LIV,4.0,40,0.0,0.0,u,Has joined TSV Hartberg on loan for the rest of the season,43,0.0,gradient_boosting,0.0,-64,False,2.517528275248518,0.0,MCI (H),1,0.0,BRE (A),1,0.0,BHA (H),1,0.0,ARS (H),1,0.0,CRY (A),1,0.0,0.0,0.0,Availability flag
84,Collins,Nathan Collins,DEF,4,BRE,5.4,54,0.9,0.0,i,Calf injury - Unknown return date,50,5.333333333333333,gradient_boosting,0.0,-9507,True,2.802085151978452,0.0,AVL (A),1,0.0,LIV (H),1,0.0,HUL (A),1,0.0,NFO (H),1,0.0,BHA (A),1,0.0,0.0,0.0,Availability flag
29,M.Bizot,Marco Bizot,GK,2,AVL,4.5,45,0.1,0.0,i,Back injury - Expected back 10 Oct,43,0.0,gradient_boosting,0.0,-975,True,2.517528275248518,0.0,BRE (H),1,0.0,NEW (A),1,0.0,MCI (H),1,0.0,FUL (H),1,0.0,MUN (A),1,0.0,0.0,0.0,Availability flag
65,J.Araujo,Julián Araujo Zúñiga,DEF,3,BOU,4.4,44,0.0,0.0,i,Thigh injury - Unknown return date,50,0.0,gradient_boosting,0.0,-17,True,2.802085151978452,0.0,CHE (A),1,0.0,SUN (H),1,0.0,MUN (A),1,0.0,LEE (H),1,0.0,IPS (A),1,0.0,0.0,0.0,Availability flag
63,Milosavljević,Veljko Milosavljevic,DEF,3,BOU,4.9,49,0.0,0.0,i,Thigh injury - Unknown return date,39,0.0,gradient_boosting,0.0,-14,True,2.802085151978452,0.0,CHE (A),1,0.0,SUN (H),1,0.0,MUN (A),1,0.0,LEE (H),1,0.0,IPS (A),1,0.0,0.0,0.0,Availability flag
59,Dennis,Will Dennis,GK,3,BOU,4.0,40,0.1,0.0,u,Has joined MK Dons permanently,50,0.0,gradient_boosting,0.0,-565,False,2.517528275248518,0.0,CHE (A),1,0.0,SUN (H),1,0.0,MUN (A),1,0.0,LEE (H),1,0.0,IPS (A),1,0.0,0.0,0.0,Availability flag
618,Goretzka,Leon Goretzka,MID,2,AVL,5.9,59,0.0,0.0,i,Knee injury - Expected back 10 Oct,4,0.0,gradient_boosting,0.0,-397,True,2.8717225771036388,0.0,BRE (H),1,0.0,NEW (A),1,0.0,MCI (H),1,0.0,FUL (H),1,0.0,MUN (A),1,0.0,0.0,0.0,Availability flag
107,Furo,Kaye Furo,FWD,4,BRE,4.5,45,0.9,0.0,i,Unspecified injury - Unknown return date,22,0.0,gradient_boosting,0.0,-9056,True,3.5854329730334533,0.0,AVL (A),1,0.0,LIV (H),1,0.0,HUL (A),1,0.0,NFO (H),1,0.0,BHA (A),1,0.0,0.0,0.0,Availability flag
582,Madjo,Brian Madjo,FWD,2,AVL,5.4,54,0.2,0.0,i,Unspecified injury - Unknown return date,5,0.0,gradient_boosting,0.0,-1579,True,3.5854329730334533,0.0,BRE (H),1,0.0,NEW (A),1,0.0,MCI (H),1,0.0,FUL (H),1,0.0,MUN (A),1,0.0,0.0,0.0,Availability flag
607,Lynch,Luka Lynch,MID,2,AVL,4.5,45,0.1,0.0,u,Has joined Oxford United on loan until January,5,0.0,gradient_boosting,0.0,-716,False,2.8717225771036388,0.0,BRE (H),1,0.0,NEW (A),1,0.0,MCI (H),1,0.0,FUL (H),1,0.0,MUN (A),1,0.0,0.0,0.0,Availability flag
97,Jensen,Mathias Jensen,MID,4,BRE,5.4,54,0.1,0.0,i,Unspecified injury - Expected back 10 Oct,50,0.0,gradient_boosting,0.0,-639,True,2.8717225771036388,0.0,AVL (A),1,0.0,LIV (H),1,0.0,HUL (A),1,0.0,NFO (H),1,0.0,BHA (A),1,0.0,0.0,0.0,Availability flag
99,Milambo,Antoni Milambo,MID,4,BRE,5.0,50,0.0,0.0,i,Knee injury - Unknown return date,43,0.0,gradient_boosting,0.0,0,True,2.8717225771036388,0.0,AVL (A),1,0.0,LIV (H),1,0.0,HUL (A),1,0.0,NFO (H),1,0.0,BHA (A),1,0.0,0.0,0.0,Availability flag
85,Van den Berg,Sepp van den Berg,DEF,4,BRE,4.9,49,0.1,0.0,i,Groin injury - Unknown return date,50,0.0,gradient_boosting,0.0,-318,True,2.802085151978452,0.0,AVL (A),1,0.0,LIV (H),1,0.0,HUL (A),1,0.0,NFO (H),1,0.0,BHA (A),1,0.0,0.0,0.0,Availability flag
547,Mundle,Romaine Mundle,MID,20,SUN,4.9,49,0.0,0.0,i,Knee injury - Unknown return date,43,0.0,gradient_boosting,0.0,-45,True,2.8717225771036388,0.0,BHA (H),1,0.0,BOU (A),1,0.0,LEE (H),1,0.0,COV (A),1,0.0,CHE (H),1,0.0,0.0,0.0,Availability flag
293,Kamara,Abu Kamara,MID,11,HUL,5.0,50,0.0,0.0,u,Has joined Portsmouth permanently,5,0.0,gradient_boosting,0.0,-12,False,2.8717225771036388,0.0,EVE (H),1,0.0,FUL (A),1,0.0,BRE (H),1,0.0,IPS (H),1,0.0,ARS (A),1,0.0,0.0,0.0,Availability flag
22,Nwaneri,Ethan Nwaneri,MID,1,ARS,5.4,54,0.0,0.0,u,Has joined Borussia Dortmund on loan for the rest of the season,50,0.0,gradient_boosting,0.0,-52,False,2.8717225771036388,0.0,LEE (H),1,0.0,NFO (A),1,0.0,EVE (H),1,0.0,LIV (A),1,0.0,HUL (H),1,0.0,0.0,0.0,Availability flag
540,Masuaku,Arthur Masuaku,DEF,20,SUN,4.0,40,0.1,0.0,u,Has joined Konyaspor permanently,43,0.0,gradient_boosting,0.0,-643,False,2.802085151978452,0.0,BHA (H),1,0.0,BOU (A),1,0.0,LEE (H),1,0.0,COV (A),1,0.0,CHE (H),1,0.0,0.0,0.0,Availability flag
543,Diarra,Habib Diarra,MID,20,SUN,5.3,53,0.0,0.0,i,Hamstring injury - Unknown return date,43,0.0,gradient_boosting,-0.1,-220,True,2.8717225771036388,0.0,BHA (H),1,0.0,BOU (A),1,0.0,LEE (H),1,0.0,COV (A),1,0.0,CHE (H),1,0.0,0.0,0.0,Availability flag
538,Hjelde,Leo Fuhr Hjelde,DEF,20,SUN,4.0,40,0.0,0.0,u,Has joined KV Mechelen on loan for the rest of the season,43,0.0,gradient_boosting,0.0,-159,False,2.802085151978452,0.0,BHA (H),1,0.0,BOU (A),1,0.0,LEE (H),1,0.0,COV (A),1,0.0,CHE (H),1,0.0,0.0,0.0,Availability flag
537,Seelt,Jenson Seelt,DEF,20,SUN,4.5,45,0.0,0.0,u,Has joined Swansea City on loan for the rest of the season,43,0.0,gradient_boosting,0.0,-22,False,2.802085151978452,0.0,BHA (H),1,0.0,BOU (A),1,0.0,LEE (H),1,0.0,COV (A),1,0.0,CHE (H),1,0.0,0.0,0.0,Availability flag
530,Patterson,Anthony Patterson,GK,20,SUN,4.0,40,0.1,0.0,u,Has joined Wrexham permanently,43,0.0,gradient_boosting,0.0,-362,False,2.517528275248518,0.0,BHA (H),1,0.0,BOU (A),1,0.0,LEE (H),1,0.0,COV (A),1,0.0,CHE (H),1,0.0,0.0,0.0,Availability flag
578,Mudryk,Mykhailo Mudryk,MID,19,TOT,5.3,53,0.0,0.0,i,Ankle injury - Unknown return date,50,5.333333333333333,gradient_boosting,-0.1,-549,True,2.8717225771036388,0.0,MUN (A),1,0.0,COV (H),1,0.0,CHE (A),1,0.0,CRY (H),1,0.0,LEE (A),1,0.0,0.0,0.0,Availability flag
527,Richarlison,Richarlison de Andrade,FWD,19,TOT,5.9,59,0.6,0.0,u,not included in squad.,50,0.0,gradient_boosting,0.0,-5876,False,3.5854329730334533,0.0,MUN (A),1,0.0,COV (H),1,0.0,CHE (A),1,0.0,CRY (H),1,0.0,LEE (A),1,0.0,0.0,0.0,Availability flag
528,Scarlett,Dane Scarlett,FWD,19,TOT,4.5,45,1.1,0.0,u,Has joined Leyton Orient permanently,50,0.0,gradient_boosting,0.0,-8179,False,3.5854329730334533,0.0,MUN (A),1,0.0,COV (H),1,0.0,CHE (A),1,0.0,CRY (H),1,0.0,LEE (A),1,0.0,0.0,0.0,Availability flag
55,Watkins,Ollie Watkins,FWD,2,AVL,7.8,78,2.5,0.0,u,Has joined Al Hilal permanently,50,0.0,gradient_boosting,0.0,-13079,False,3.5854329730334533,0.0,BRE (H),1,0.0,NEW (A),1,0.0,MCI (H),1,0.0,FUL (H),1,0.0,MUN (A),1,0.0,0.0,0.0,Availability flag
523,Moore,Mikey Moore,MID,19,TOT,5.0,50,0.1,0.0,u,Has joined FC Köln on loan for the rest of the season,50,0.0,gradient_boosting,0.0,-548,False,2.8717225771036388,0.0,MUN (A),1,0.0,COV (H),1,0.0,CHE (A),1,0.0,CRY (H),1,0.0,LEE (A),1,0.0,0.0,0.0,Availability flag
44,Bailey,Leon Bailey,MID,2,AVL,5.4,54,0.1,0.0,u,Has joined Olympiakos permanently,50,0.0,gradient_boosting,0.0,-504,False,2.8717225771036388,0.0,BRE (H),1,0.0,NEW (A),1,0.0,MCI (H),1,0.0,FUL (H),1,0.0,MUN (A),1,0.0,0.0,0.0,Availability flag
39,Nedeljkovic,Kosta Nedeljkovic,DEF,2,AVL,4.0,40,0.1,0.0,u,Has joined Rangers on loan for the rest of the season,41,0.0,gradient_boosting,0.0,-576,False,2.802085151978452,0.0,BRE (H),1,0.0,NEW (A),1,0.0,MCI (H),1,0.0,FUL (H),1,0.0,MUN (A),1,0.0,0.0,0.0,Availability flag
546,Adingra,Simon Adingra,MID,20,SUN,4.9,49,0.0,0.0,u,Has joined Ajax on loan for the rest of the season,50,0.0,gradient_boosting,0.0,-190,False,2.8717225771036388,0.0,BHA (H),1,0.0,BOU (A),1,0.0,LEE (H),1,0.0,COV (A),1,0.0,CHE (H),1,0.0,0.0,0.0,Availability flag
36,Maatsen,Ian Maatsen,DEF,2,AVL,4.4,44,0.5,0.0,i,Ankle injury - Unknown return date,50,54.666666666666664,gradient_boosting,-0.1,-6245,True,2.802085151978452,0.0,BRE (H),1,0.0,NEW (A),1,0.0,MCI (H),1,0.0,FUL (H),1,0.0,MUN (A),1,0.0,0.0,0.0,Availability flag
49,Iling Jr,Samuel Iling-Junior,MID,2,AVL,5.0,50,0.0,0.0,u,Has joined Bolton Wanderers on loan for the rest of the season,50,0.0,gradient_boosting,0.0,-11,False,2.8717225771036388,0.0,BRE (H),1,0.0,NEW (A),1,0.0,MCI (H),1,0.0,FUL (H),1,0.0,MUN (A),1,0.0,0.0,0.0,Availability flag
48,Onana,Amadou Onana,MID,2,AVL,4.9,49,0.0,0.0,i,Knee injury - Unknown return date,50,0.0,gradient_boosting,0.0,-55,True,2.8717225771036388,0.0,BRE (H),1,0.0,NEW (A),1,0.0,MCI (H),1,0.0,FUL (H),1,0.0,MUN (A),1,0.0,0.0,0.0,Availability flag
30,Digne,Lucas Digne,DEF,2,AVL,4.5,45,0.0,0.0,u,Has joined Paris Saint-Germain permanently,50,0.0,gradient_boosting,0.0,-236,False,2.802085151978452,0.0,BRE (H),1,0.0,NEW (A),1,0.0,MCI (H),1,0.0,FUL (H),1,0.0,MUN (A),1,0.0,0.0,0.0,Availability flag
34,Pau,Pau Torres,DEF,2,AVL,4.4,44,0.3,0.0,i,Hamstring injury - Expected back 10 Oct,50,8.0,gradient_boosting,-0.1,-3156,True,2.802085151978452,0.0,BRE (H),1,0.0,NEW (A),1,0.0,MCI (H),1,0.0,FUL (H),1,0.0,MUN (A),1,0.0,0.0,0.0,Availability flag
235,Aznou,Adam Aznou,DEF,9,EVE,4.0,40,0.1,0.0,u,Has joined Malaga on loan for the rest of the season,43,0.0,gradient_boosting,0.0,-570,False,2.802085151978452,0.0,HUL (A),1,0.0,CHE (H),1,0.0,ARS (A),1,0.0,NEW (A),1,0.0,COV (H),1,0.0,0.0,0.0,Availability flag
234,Patterson,Nathan Patterson,DEF,9,EVE,4.5,45,0.0,0.0,u,Has joined Torino permanently,50,0.0,gradient_boosting,0.0,-126,False,2.802085151978452,0.0,HUL (A),1,0.0,CHE (H),1,0.0,ARS (A),1,0.0,NEW (A),1,0.0,COV (H),1,0.0,0.0,0.0,Availability flag
329,Rodon,Joe Rodon,DEF,13,LEE,4.3,43,0.8,0.0,i,Hamstring injury - Expected back 21 Nov,50,0.0,gradient_boosting,-0.1,-8887,True,2.802085151978452,0.0,ARS (A),1,0.0,MUN (H),1,0.0,SUN (A),1,0.0,BOU (A),1,0.0,TOT (H),1,0.0,0.0,0.0,Availability flag
326,Perri,Lucas Estella Perri,GK,13,LEE,4.5,45,0.3,0.0,u,Has joined Torino on loan for the rest of the season,42,0.0,gradient_boosting,0.0,-1322,False,2.517528275248518,0.0,ARS (A),1,0.0,MUN (H),1,0.0,SUN (A),1,0.0,BOU (A),1,0.0,TOT (H),1,0.0,0.0,0.0,Availability flag
260,Wilson,Harry Wilson,MID,13,LEE,6.2,62,1.7,0.0,i,Thigh injury - Unknown return date,50,11.666666666666666,gradient_boosting,0.0,-40990,True,2.8717225771036388,0.0,ARS (A),1,0.0,MUN (H),1,0.0,SUN (A),1,0.0,BOU (A),1,0.0,TOT (H),1,0.0,0.0,0.0,Availability flag
602,Humphreys,Cameron Humphreys,MID,12,IPS,4.5,45,0.0,0.0,u,Has joined Huddersfield Town on loan for the rest of the season,43,0.0,gradient_boosting,0.0,-242,False,2.8717225771036388,0.0,FUL (H),1,0.0,MCI (A),1,0.0,NFO (H),1,0.0,HUL (A),1,0.0,BOU (H),1,0.0,0.0,0.0,Availability flag
554,Van Oevelen,Kayne van Oevelen,GK,12,IPS,4.5,45,0.0,0.0,u,Has joined Valencia on loan for the rest of the season,5,0.0,gradient_boosting,0.0,-84,False,2.517528275248518,0.0,FUL (H),1,0.0,MCI (A),1,0.0,NFO (H),1,0.0,HUL (A),1,0.0,BOU (H),1,0.0,0.0,0.0,Availability flag
322,Al-Hamadi,Ali Al-Hamadi,FWD,12,IPS,5.0,50,0.0,0.0,u,Has joined Sheffield Wednesday on loan for the rest of the season,43,0.0,gradient_boosting,0.0,-381,False,3.5854329730334533,0.0,FUL (H),1,0.0,MCI (A),1,0.0,NFO (H),1,0.0,HUL (A),1,0.0,BOU (H),1,0.0,0.0,0.0,Availability flag
319,Szmodics,Sam Szmodics,MID,12,IPS,5.0,50,0.0,0.0,u,Has joined Derby County on loan for the rest of the season,43,0.0,gradient_boosting,0.0,-13,False,2.8717225771036388,0.0,FUL (H),1,0.0,MCI (A),1,0.0,NFO (H),1,0.0,HUL (A),1,0.0,BOU (H),1,0.0,0.0,0.0,Availability flag
317,Hirst,George Hirst,FWD,12,IPS,5.0,50,0.1,0.0,u,Has joined Stoke City permanently,43,0.0,gradient_boosting,0.0,-488,False,3.5854329730334533,0.0,FUL (H),1,0.0,MCI (A),1,0.0,NFO (H),1,0.0,HUL (A),1,0.0,BOU (H),1,0.0,0.0,0.0,Availability flag
315,Fatawu,Abdul Fatawu,MID,12,IPS,5.4,54,0.2,0.0,s,Suspended until 17 Oct,43,68.33333333333333,gradient_boosting,0.0,-2513,True,2.8717225771036388,0.0,FUL (H),1,0.0,MCI (A),1,0.0,NFO (H),1,0.0,HUL (A),1,0.0,BOU (H),1,0.0,0.0,0.0,Availability flag
314,Ogbene,Chiedozie Ogbene,MID,12,IPS,4.9,49,0.0,0.0,u,Has joined Lincoln City on loan until January,50,0.0,gradient_boosting,0.0,-66,False,2.8717225771036388,0.0,FUL (H),1,0.0,MCI (A),1,0.0,NFO (H),1,0.0,HUL (A),1,0.0,BOU (H),1,0.0,0.0,0.0,Availability flag
312,Taylor,Jack Taylor,MID,12,IPS,4.4,44,0.0,0.0,i,Knee injury - Unknown return date,43,0.0,gradient_boosting,-0.1,110,True,2.8717225771036388,0.0,FUL (H),1,0.0,MCI (A),1,0.0,NFO (H),1,0.0,HUL (A),1,0.0,BOU (H),1,0.0,0.0,0.0,Availability flag
311,Burns,Wes Burns,MID,12,IPS,5.0,50,0.0,0.0,u,Has joined Leicester City permanently,43,0.0,gradient_boosting,0.0,-8,False,2.8717225771036388,0.0,FUL (H),1,0.0,MCI (A),1,0.0,NFO (H),1,0.0,HUL (A),1,0.0,BOU (H),1,0.0,0.0,0.0,Availability flag
404,Reijnders,Tijjani Reijnders,MID,15,MCI,6.0,60,0.0,0.0,u,Has joined Al Qadsiah permanently,41,0.0,gradient_boosting,0.0,-101,False,2.8717225771036388,0.0,LIV (A),1,0.0,IPS (H),1,0.0,AVL (A),1,0.0,BHA (H),1,0.0,NFO (A),1,0.0,0.0,0.0,Availability flag
402,Rodrigo,Rodrigo 'Rodri' Hernandez Cascante,MID,15,MCI,6.5,65,0.0,0.0,u,Has joined Barcelona permanently,50,0.0,gradient_boosting,0.0,-26,False,2.8717225771036388,0.0,LIV (A),1,0.0,IPS (H),1,0.0,AVL (A),1,0.0,BHA (H),1,0.0,NFO (A),1,0.0,0.0,0.0,Availability flag
398,Foden,Phil Foden,MID,15,MCI,6.9,69,1.8,0.0,s,Suspended until 17 Oct,50,15.333333333333334,gradient_boosting,0.0,-28687,True,2.8717225771036388,0.0,LIV (A),1,0.0,IPS (H),1,0.0,AVL (A),1,0.0,BHA (H),1,0.0,NFO (A),1,0.0,0.0,0.0,Availability flag
394,Alleyne,Max Alleyne,DEF,15,MCI,5.0,50,0.0,0.0,u,Has joined Burnley on loan for the rest of the season,41,0.0,gradient_boosting,0.0,-20,False,2.802085151978452,0.0,LIV (A),1,0.0,IPS (H),1,0.0,AVL (A),1,0.0,BHA (H),1,0.0,NFO (A),1,0.0,0.0,0.0,Availability flag
206,Chadi Riad,Chadi Riad Dnanou,DEF,8,CRY,4.3,43,0.0,0.0,i,Knee injury - Unknown return date,50,0.0,gradient_boosting,-0.1,-96,True,2.802085151978452,0.0,NFO (H),1,0.0,BHA (A),1,0.0,NEW (H),1,0.0,TOT (A),1,0.0,LIV (H),1,0.0,0.0,0.0,Availability flag
205,Sosa,Borna Sosa,DEF,8,CRY,4.5,45,0.0,0.0,u,Has joined FC Cologne on loan for the rest of the season,42,0.0,gradient_boosting,0.0,-106,False,2.802085151978452,0.0,NFO (H),1,0.0,BHA (A),1,0.0,NEW (H),1,0.0,TOT (A),1,0.0,LIV (H),1,0.0,0.0,0.0,Availability flag
153,Disasi,Axel Disasi,DEF,8,CRY,4.5,45,0.1,0.0,s,Suspended until 25 Oct,50,41.0,gradient_boosting,0.0,-750,True,2.802085151978452,0.0,NFO (H),1,0.0,BHA (A),1,0.0,NEW (H),1,0.0,TOT (A),1,0.0,LIV (H),1,0.0,0.0,0.0,Availability flag
198,Henderson,Dean Henderson,GK,8,CRY,4.9,49,1.3,0.0,i,Foot injury - Expected back 11 Oct,50,30.0,gradient_boosting,-0.1,-11227,True,2.517528275248518,0.0,NFO (H),1,0.0,BHA (A),1,0.0,NEW (H),1,0.0,TOT (A),1,0.0,LIV (H),1,0.0,0.0,0.0,Availability flag
197,Bassette,Norman Bassette,FWD,7,COV,4.5,45,0.0,0.0,u,Has joined KVC Westerlo on loan for the rest of the season,5,0.0,gradient_boosting,0.0,-149,False,3.5854329730334533,0.0,NEW (H),1,0.0,TOT (A),1,0.0,FUL (H),1,0.0,SUN (H),1,0.0,EVE (A),1,0.0,0.0,0.0,Availability flag
492,Awoniyi,Taiwo Awoniyi,FWD,7,COV,5.4,54,0.4,0.0,s,Suspended until 19 Oct,50,40.666666666666664,gradient_boosting,-0.1,-5040,True,3.5854329730334533,0.0,NEW (H),1,0.0,TOT (A),1,0.0,FUL (H),1,0.0,SUN (H),1,0.0,EVE (A),1,0.0,0.0,0.0,Availability flag
192,Andrews,Kai Andrews,MID,7,COV,4.5,45,0.3,0.0,u,Has joined Oxford United on loan for the rest of the season,5,0.0,gradient_boosting,0.0,-2015,False,2.8717225771036388,0.0,NEW (H),1,0.0,TOT (A),1,0.0,FUL (H),1,0.0,SUN (H),1,0.0,EVE (A),1,0.0,0.0,0.0,Availability flag
191,Borges Rodrigues,Raphael Borges Rodrigues,MID,7,COV,4.5,45,0.1,0.0,u,Has joined Burton Albion on loan for the rest of the season,5,0.0,gradient_boosting,0.0,-695,False,2.8717225771036388,0.0,NEW (H),1,0.0,TOT (A),1,0.0,FUL (H),1,0.0,SUN (H),1,0.0,EVE (A),1,0.0,0.0,0.0,Availability flag
196,Markelo,Jahnoah Markelo,FWD,7,COV,5.0,50,0.0,0.0,u,Has joined Shabab Al-Ahli Dubai permanently,5,0.0,gradient_boosting,0.0,-60,False,3.5854329730334533,0.0,NEW (H),1,0.0,TOT (A),1,0.0,FUL (H),1,0.0,SUN (H),1,0.0,EVE (A),1,0.0,0.0,0.0,Availability flag
193,Wright,Haji Wright,FWD,7,COV,5.3,53,0.1,0.0,i,Thigh injury - Unknown return date,5,0.0,gradient_boosting,-0.1,-524,True,3.5854329730334533,0.0,NEW (H),1,0.0,TOT (A),1,0.0,FUL (H),1,0.0,SUN (H),1,0.0,EVE (A),1,0.0,0.0,0.0,Availability flag
187,Eccles,Josh Eccles,MID,7,COV,4.8,48,0.0,0.0,i,Unspecified injury - Expected back 12 Oct,5,0.0,gradient_boosting,-0.1,-71,True,2.8717225771036388,0.0,NEW (H),1,0.0,TOT (A),1,0.0,FUL (H),1,0.0,SUN (H),1,0.0,EVE (A),1,0.0,0.0,0.0,Availability flag
373,C.Jones,Curtis Jones,MID,14,LIV,5.5,55,0.0,0.0,u,Has joined Internazionale permanently,50,0.0,gradient_boosting,0.0,-62,False,2.8717225771036388,0.0,MCI (H),1,0.0,BRE (A),1,0.0,BHA (H),1,0.0,ARS (H),1,0.0,CRY (A),1,0.0,0.0,0.0,Availability flag
380,Ekitiké,Hugo Ekitiké,FWD,14,LIV,7.4,74,0.1,0.0,i,Achilles injury - Unknown return date,43,0.0,gradient_boosting,0.0,-455,True,3.5854329730334533,0.0,MCI (H),1,0.0,BRE (A),1,0.0,BHA (H),1,0.0,ARS (H),1,0.0,CRY (A),1,0.0,0.0,0.0,Availability flag
383,Elliott,Harvey Elliott,MID,14,LIV,5.4,54,0.0,0.0,u,Has joined Valencia on loan for the rest of the season,50,0.0,gradient_boosting,0.0,-232,False,2.8717225771036388,0.0,MCI (H),1,0.0,BRE (A),1,0.0,BHA (H),1,0.0,ARS (H),1,0.0,CRY (A),1,0.0,0.0,0.0,Availability flag
349,Mateo Joseph,Mateo Joseph Fernández-Regatillo,FWD,13,LEE,4.5,45,0.1,0.0,i,Knee injury - Unknown return date,42,0.0,gradient_boosting,0.0,-165,True,3.5854329730334533,0.0,ARS (A),1,0.0,MUN (H),1,0.0,SUN (A),1,0.0,BOU (A),1,0.0,TOT (H),1,0.0,0.0,0.0,Availability flag
413,Bayindir,Altay Bayındır,GK,16,MUN,4.5,45,0.0,0.0,u,Has joined Celta Vigo on loan for the rest of the season,50,0.0,gradient_boosting,0.0,-42,False,2.517528275248518,0.0,TOT (H),1,0.0,LEE (A),1,0.0,BOU (H),1,0.0,CHE (A),1,0.0,AVL (H),1,0.0,0.0,0.0,Availability flag
182,Amenda,Aurèle Amenda,DEF,7,COV,4.0,40,0.6,0.0,i,Calf injury - Unknown return date,5,60.0,gradient_boosting,0.0,-6912,True,2.802085151978452,0.0,NEW (H),1,0.0,TOT (A),1,0.0,FUL (H),1,0.0,SUN (H),1,0.0,EVE (A),1,0.0,0.0,0.0,Availability flag
181,Brau,Miguel Brau,DEF,7,COV,4.0,40,0.0,0.0,u,Has joined Academico de Viseu on loan for the rest of the season,5,0.0,gradient_boosting,0.0,-104,False,2.802085151978452,0.0,NEW (H),1,0.0,TOT (A),1,0.0,FUL (H),1,0.0,SUN (H),1,0.0,EVE (A),1,0.0,0.0,0.0,Availability flag
414,Heaton,Tom Heaton,GK,16,MUN,4.0,40,0.1,0.0,i,Hamstring injury - Unknown return date,50,0.0,gradient_boosting,0.0,-73,True,2.517528275248518,0.0,TOT (H),1,0.0,LEE (A),1,0.0,BOU (H),1,0.0,CHE (A),1,0.0,AVL (H),1,0.0,0.0,0.0,Availability flag
441,Obi,Chido Obi,FWD,16,MUN,4.5,45,0.9,0.0,u,Has joined Willem II on loan for the rest of the season,50,0.0,gradient_boosting,0.0,-11470,False,3.5854329730334533,0.0,TOT (H),1,0.0,LEE (A),1,0.0,BOU (H),1,0.0,CHE (A),1,0.0,AVL (H),1,0.0,0.0,0.0,Availability flag
416,De Ligt,Matthijs de Ligt,DEF,16,MUN,5.0,50,0.0,0.0,i,Back injury - Unknown return date,50,0.0,gradient_boosting,0.0,-55,True,2.802085151978452,0.0,TOT (H),1,0.0,LEE (A),1,0.0,BOU (H),1,0.0,CHE (A),1,0.0,AVL (H),1,0.0,0.0,0.0,Availability flag
425,Fredricson,Tyler Fredricson,DEF,16,MUN,4.0,40,0.0,0.0,u,Has joined Lausanne-Sport permanently,50,0.0,gradient_boosting,0.0,-50,False,2.802085151978452,0.0,TOT (H),1,0.0,LEE (A),1,0.0,BOU (H),1,0.0,CHE (A),1,0.0,AVL (H),1,0.0,0.0,0.0,Availability flag
624,Cozier-Duberry,Amario Cozier-Duberry,MID,5,BHA,5.0,50,0.0,0.0,u,Has joined Middlesbrough on loan for the rest of the season,42,0.0,gradient_boosting,0.0,-5,False,2.8717225771036388,0.0,SUN (A),1,0.0,CRY (H),1,0.0,LIV (A),1,0.0,MCI (A),1,0.0,BRE (H),1,0.0,0.0,0.0,Availability flag
139,Ferguson,Evan Ferguson,FWD,5,BHA,5.0,50,0.0,0.0,i,Ankle injury - Expected back 10 Oct,50,0.0,gradient_boosting,0.0,-124,True,3.5854329730334533,0.0,SUN (A),1,0.0,CRY (H),1,0.0,LIV (A),1,0.0,MCI (A),1,0.0,BRE (H),1,0.0,0.0,0.0,Availability flag
140,Sánchez,Robert Lynch Sánchez,GK,6,CHE,4.9,49,0.7,0.0,u,Has joined Como on loan for the rest of the season,50,0.0,gradient_boosting,0.0,-4948,False,2.517528275248518,0.0,BOU (H),1,0.0,EVE (A),1,0.0,TOT (H),1,0.0,MUN (H),1,0.0,SUN (A),1,0.0,0.0,0.0,Availability flag
652,Azeez,Femi Azeez,MID,5,BHA,5.5,55,0.0,0.0,i,Hamstring injury - Expected back 10 Oct,3,0.0,gradient_boosting,0.0,-27,True,2.8717225771036388,0.0,SUN (A),1,0.0,CRY (H),1,0.0,LIV (A),1,0.0,MCI (A),1,0.0,BRE (H),1,0.0,0.0,0.0,Availability flag
436,Collyer,Toby Collyer,MID,16,MUN,5.0,50,0.0,0.0,u,Has joined West Brom permanently,50,0.0,gradient_boosting,0.0,-49,False,2.8717225771036388,0.0,TOT (H),1,0.0,LEE (A),1,0.0,BOU (H),1,0.0,CHE (A),1,0.0,AVL (H),1,0.0,0.0,0.0,Availability flag
341,Gnonto,Wilfried Gnonto,MID,13,LEE,5.0,50,0.0,0.0,u,Has joined ACF Fiorentina on loan for the rest of the season,42,0.0,gradient_boosting,0.0,-53,False,2.8717225771036388,0.0,ARS (A),1,0.0,MUN (H),1,0.0,SUN (A),1,0.0,BOU (A),1,0.0,TOT (H),1,0.0,0.0,0.0,Availability flag
348,Piroe,Joël Piroe,FWD,13,LEE,5.0,50,0.1,0.0,u,Has joined West Ham United on loan for the rest of the season,42,0.0,gradient_boosting,0.0,-431,False,3.5854329730334533,0.0,ARS (A),1,0.0,MUN (H),1,0.0,SUN (A),1,0.0,BOU (A),1,0.0,TOT (H),1,0.0,0.0,0.0,Availability flag
333,Bornauw,Sebastiaan Bornauw,DEF,13,LEE,4.5,45,0.0,0.0,u,Has joined Hamburg SV on loan for the rest of the season,42,0.0,gradient_boosting,0.0,-5,False,2.802085151978452,0.0,ARS (A),1,0.0,MUN (H),1,0.0,SUN (A),1,0.0,BOU (A),1,0.0,TOT (H),1,0.0,0.0,0.0,Availability flag
410,Monga,Jeremy Monga,MID,15,MCI,4.9,49,0.0,0.0,u,Has joined Swansea City on loan for the rest of the season,13,0.0,gradient_boosting,0.0,-51,False,2.8717225771036388,0.0,LIV (A),1,0.0,IPS (H),1,0.0,AVL (A),1,0.0,BHA (H),1,0.0,NFO (A),1,0.0,0.0,0.0,Availability flag
409,Mukasa,Divine Mukasa,MID,15,MCI,4.5,45,0.1,0.0,u,has joined West Ham on loan for the rest of the seaon.,38,0.0,gradient_boosting,0.0,-612,False,2.8717225771036388,0.0,LIV (A),1,0.0,IPS (H),1,0.0,AVL (A),1,0.0,BHA (H),1,0.0,NFO (A),1,0.0,0.0,0.0,Availability flag
408,Phillips,Kalvin Phillips,MID,15,MCI,5.0,50,0.0,0.0,u,Has joined Sheffield United on loan for the rest of the season,50,0.0,gradient_boosting,0.0,-13,False,2.8717225771036388,0.0,LIV (A),1,0.0,IPS (H),1,0.0,AVL (A),1,0.0,BHA (H),1,0.0,NFO (A),1,0.0,0.0,0.0,Availability flag
407,Echeverri,Claudio Echeverri,MID,15,MCI,4.9,49,0.0,0.0,u,Has joined Benfica on loan for the rest of the season,50,0.0,gradient_boosting,0.0,-56,False,2.8717225771036388,0.0,LIV (A),1,0.0,IPS (H),1,0.0,AVL (A),1,0.0,BHA (H),1,0.0,NFO (A),1,0.0,0.0,0.0,Availability flag
342,Harrison,Jack Harrison,MID,13,LEE,5.0,50,0.0,0.0,u,Has joined New England Revolution permanently,50,0.0,gradient_boosting,0.0,-5,False,2.8717225771036388,0.0,ARS (A),1,0.0,MUN (H),1,0.0,SUN (A),1,0.0,BOU (A),1,0.0,TOT (H),1,0.0,0.0,0.0,Availability flag
168,Marc Guiu,Marc Guiu Paz,FWD,6,CHE,5.0,50,0.2,0.0,u,Has joined RB Leipzig permanently,50,0.0,gradient_boosting,0.0,-1572,False,3.5854329730334533,0.0,BOU (H),1,0.0,EVE (A),1,0.0,TOT (H),1,0.0,MUN (H),1,0.0,SUN (A),1,0.0,0.0,0.0,Availability flag
170,Emegha,Emmanuel Emegha,FWD,6,CHE,4.9,49,0.1,0.0,i,Hamstring injury - Expected back 10 Oct,5,0.0,gradient_boosting,-0.1,-1033,True,3.5854329730334533,0.0,BOU (H),1,0.0,EVE (A),1,0.0,TOT (H),1,0.0,MUN (H),1,0.0,SUN (A),1,0.0,0.0,0.0,Availability flag
163,D.Essugo,Dário Luís Essugo,MID,6,CHE,4.5,45,0.1,0.0,u,Has joined RC Strasbourg on loan for the rest of the season,42,0.0,gradient_boosting,0.0,-734,False,2.8717225771036388,0.0,BOU (H),1,0.0,EVE (A),1,0.0,TOT (H),1,0.0,MUN (H),1,0.0,SUN (A),1,0.0,0.0,0.0,Availability flag
171,Dovin,Oliver Dovin,GK,7,COV,4.0,40,1.0,0.0,u,Has joined Leyton Orient on loan for the rest of the season,5,0.0,gradient_boosting,0.0,-4861,False,2.517528275248518,0.0,NEW (H),1,0.0,TOT (A),1,0.0,FUL (H),1,0.0,SUN (H),1,0.0,EVE (A),1,0.0,0.0,0.0,Availability flag
174,Kitching,Liam Kitching,DEF,7,COV,4.0,40,0.3,0.0,u,Has joined Sheffield United on loan for the rest of the season,5,0.0,gradient_boosting,0.0,-1872,False,2.802085151978452,0.0,NEW (H),1,0.0,TOT (A),1,0.0,FUL (H),1,0.0,SUN (H),1,0.0,EVE (A),1,0.0,0.0,0.0,Availability flag
177,Kesler-Hayden,Kaine Kesler-Hayden,DEF,7,COV,3.9,39,0.0,0.0,i,Hamstring injury - Unknown return date,50,0.0,gradient_boosting,-0.1,462,True,2.802085151978452,0.0,NEW (H),1,0.0,TOT (A),1,0.0,FUL (H),1,0.0,SUN (H),1,0.0,EVE (A),1,0.0,0.0,0.0,Availability flag
180,Woolfenden,Luke Woolfenden,DEF,7,COV,4.0,40,0.1,0.0,i,Knee injury - Unknown return date,43,0.0,gradient_boosting,0.0,-483,True,2.802085151978452,0.0,NEW (H),1,0.0,TOT (A),1,0.0,FUL (H),1,0.0,SUN (H),1,0.0,EVE (A),1,0.0,0.0,0.0,Availability flag
252,McNally,Alfie McNally,GK,10,FUL,4.0,40,0.1,0.0,u,Has joined York City on loan for the rest of the season,24,0.0,gradient_boosting,0.0,-609,False,2.517528275248518,0.0,IPS (A),1,0.0,HUL (H),1,0.0,COV (A),1,0.0,AVL (A),1,0.0,NEW (H),1,0.0,0.0,0.0,Availability flag
266,Cairney,Tom Cairney,MID,10,FUL,4.9,49,0.0,0.0,i,Knee injury - Expected back 10 Oct,50,0.0,gradient_boosting,0.0,-11,True,2.8717225771036388,0.0,IPS (A),1,0.0,HUL (H),1,0.0,COV (A),1,0.0,AVL (A),1,0.0,NEW (H),1,0.0,0.0,0.0,Availability flag
248,Beto,Norberto Bercique Gomes Betuncal,FWD,9,EVE,5.4,54,0.6,0.0,u,Has joined Fiorentina permanently,50,0.0,gradient_boosting,0.0,-7426,False,3.5854329730334533,0.0,HUL (A),1,0.0,CHE (H),1,0.0,ARS (A),1,0.0,NEW (A),1,0.0,COV (H),1,0.0,0.0,0.0,Availability flag
246,Röhl,Merlin Röhl,MID,9,EVE,4.9,49,0.0,0.0,i,Unspecified injury - Expected back 11 Oct,40,24.666666666666668,gradient_boosting,0.0,-585,True,2.8717225771036388,0.0,HUL (A),1,0.0,CHE (H),1,0.0,ARS (A),1,0.0,NEW (A),1,0.0,COV (H),1,0.0,0.0,0.0,Availability flag
563,Morita,Hidemasa Morita,MID,11,HUL,4.9,49,0.0,0.0,i,Calf injury - Expected back 11 Oct,5,0.0,gradient_boosting,-0.1,-155,True,2.8717225771036388,0.0,EVE (H),1,0.0,FUL (A),1,0.0,BRE (H),1,0.0,IPS (H),1,0.0,ARS (A),1,0.0,0.0,0.0,Availability flag
299,Burstow,Mason Burstow,FWD,11,HUL,4.5,45,0.0,0.0,u,Has joined Sheffield Wednesday on loan for the rest of the season,41,0.0,gradient_boosting,0.0,-222,False,3.5854329730334533,0.0,EVE (H),1,0.0,FUL (A),1,0.0,BRE (H),1,0.0,IPS (H),1,0.0,ARS (A),1,0.0,0.0,0.0,Availability flag
298,Destan,Enis Destan,FWD,11,HUL,4.5,45,0.2,0.0,u,Has joined Konyaspor permanently,5,0.0,gradient_boosting,0.0,-1369,False,3.5854329730334533,0.0,EVE (H),1,0.0,FUL (A),1,0.0,BRE (H),1,0.0,IPS (H),1,0.0,ARS (A),1,0.0,0.0,0.0,Availability flag
297,Gyabi,Darko Gyabi,MID,11,HUL,4.4,44,0.0,0.0,i,Thigh injury - Unknown return date,42,0.0,gradient_boosting,-0.1,-86,True,2.8717225771036388,0.0,EVE (H),1,0.0,FUL (A),1,0.0,BRE (H),1,0.0,IPS (H),1,0.0,ARS (A),1,0.0,0.0,0.0,Availability flag
296,Akintola,David Akintola,MID,11,HUL,5.0,50,0.0,0.0,u,Has joined Omonoia FC permanently,5,0.0,gradient_boosting,0.0,-276,False,2.8717225771036388,0.0,EVE (H),1,0.0,FUL (A),1,0.0,BRE (H),1,0.0,IPS (H),1,0.0,ARS (A),1,0.0,0.0,0.0,Availability flag
593,Dedić,Amar Dedic,DEF,17,NEW,4.5,45,1.8,0.0,i,Unspecified injury - Unknown return date,5,49.0,gradient_boosting,0.0,-37778,True,2.802085151978452,0.0,COV (A),1,0.0,AVL (H),1,0.0,CRY (A),1,0.0,EVE (H),1,0.0,FUL (A),1,0.0,0.0,0.0,Availability flag
466,Neave,Sean Neave,FWD,17,NEW,4.5,45,0.5,0.0,u,Has joined Wolves on loan for the rest of the season,50,0.0,gradient_boosting,0.0,-3952,False,3.5854329730334533,0.0,COV (A),1,0.0,AVL (H),1,0.0,CRY (A),1,0.0,EVE (H),1,0.0,FUL (A),1,0.0,0.0,0.0,Availability flag
465,Osula,William Osula,FWD,17,NEW,5.8,58,0.3,0.0,i,Foot injury - Unknown return date,50,0.0,gradient_boosting,-0.1,-2294,True,3.5854329730334533,0.0,COV (A),1,0.0,AVL (H),1,0.0,CRY (A),1,0.0,EVE (H),1,0.0,FUL (A),1,0.0,0.0,0.0,Availability flag
463,Woltemade,Nick Woltemade,FWD,17,NEW,5.9,59,0.5,0.0,u,Has joined Juventus on loan for the rest of the season,40,0.0,gradient_boosting,0.0,-3808,False,3.5854329730334533,0.0,COV (A),1,0.0,AVL (H),1,0.0,CRY (A),1,0.0,EVE (H),1,0.0,FUL (A),1,0.0,0.0,0.0,Availability flag
458,Joelinton,Joelinton Cássio Apolinário de Lira,MID,17,NEW,5.4,54,0.0,0.0,i,Unspecified injury - Unknown return date,50,0.0,gradient_boosting,0.0,-62,True,2.8717225771036388,0.0,COV (A),1,0.0,AVL (H),1,0.0,CRY (A),1,0.0,EVE (H),1,0.0,FUL (A),1,0.0,0.0,0.0,Availability flag
456,J.Ramsey,Jacob Ramsey,MID,17,NEW,4.9,49,0.2,0.0,i,Thigh injury - Unknown return date,50,9.0,gradient_boosting,0.0,-4730,True,2.8717225771036388,0.0,COV (A),1,0.0,AVL (H),1,0.0,CRY (A),1,0.0,EVE (H),1,0.0,FUL (A),1,0.0,0.0,0.0,Availability flag
454,Elanga,Anthony Elanga,MID,17,NEW,6.1,61,4.5,0.0,i,Unspecified injury - Unknown return date,50,25.333333333333332,gradient_boosting,-0.1,-168196,True,2.8717225771036388,0.0,COV (A),1,0.0,AVL (H),1,0.0,CRY (A),1,0.0,EVE (H),1,0.0,FUL (A),1,0.0,0.0,0.0,Availability flag
451,A.Murphy,Alex Murphy,DEF,17,NEW,4.0,40,0.1,0.0,u,Has joined FC Kaiserslautern on loan for the rest of the season,50,0.0,gradient_boosting,0.0,-297,False,2.802085151978452,0.0,COV (A),1,0.0,AVL (H),1,0.0,CRY (A),1,0.0,EVE (H),1,0.0,FUL (A),1,0.0,0.0,0.0,Availability flag
448,Burn,Dan Burn,DEF,17,NEW,4.8,48,0.7,0.0,i,Ankle injury - Expected back 12 Oct,50,0.0,gradient_boosting,-0.1,-5784,True,2.802085151978452,0.0,COV (A),1,0.0,AVL (H),1,0.0,CRY (A),1,0.0,EVE (H),1,0.0,FUL (A),1,0.0,0.0,0.0,Availability flag
146,B.Badiashile,Benoît Badiashile Mukinayi,DEF,6,CHE,4.5,45,0.0,0.0,u,Has joined Napoli on loan for the rest of the season,50,0.0,gradient_boosting,0.0,-43,False,2.802085151978452,0.0,BOU (H),1,0.0,EVE (A),1,0.0,TOT (H),1,0.0,MUN (H),1,0.0,SUN (A),1,0.0,0.0,0.0,Availability flag
150,M.Sarr,Mamadou Sarr,DEF,6,CHE,4.5,45,0.0,0.0,u,Has joined Real Sociedad on loan for the rest of the season,42,0.0,gradient_boosting,0.0,-174,False,2.802085151978452,0.0,BOU (H),1,0.0,EVE (A),1,0.0,TOT (H),1,0.0,MUN (H),1,0.0,SUN (A),1,0.0,0.0,0.0,Availability flag
433,Ugarte,Manuel Ugarte Ribeiro,MID,16,MUN,5.0,50,0.0,0.0,i,Knee injury - Unknown return date,50,0.0,gradient_boosting,0.0,0,True,2.8717225771036388,0.0,TOT (H),1,0.0,LEE (A),1,0.0,BOU (H),1,0.0,CHE (A),1,0.0,AVL (H),1,0.0,0.0,0.0,Availability flag
431,Amad,Amad Diallo,MID,16,MUN,5.7,57,0.3,0.0,i,Unspecified injury - Unknown return date,50,0.0,gradient_boosting,0.0,-1740,True,2.8717225771036388,0.0,TOT (H),1,0.0,LEE (A),1,0.0,BOU (H),1,0.0,CHE (A),1,0.0,AVL (H),1,0.0,0.0,0.0,Availability flag
143,Chalobah,Trevoh Chalobah,DEF,6,CHE,5.5,55,0.1,0.0,u,Has joined Como permanently,50,0.0,gradient_boosting,0.0,-330,False,2.802085151978452,0.0,BOU (H),1,0.0,EVE (A),1,0.0,TOT (H),1,0.0,MUN (H),1,0.0,SUN (A),1,0.0,0.0,0.0,Availability flag
141,Jörgensen,Filip Jörgensen,GK,6,CHE,5.0,50,0.0,0.0,u,Has joined RC Strasbourg on loan for the rest of the season,50,0.0,gradient_boosting,0.0,-33,False,2.517528275248518,0.0,BOU (H),1,0.0,EVE (A),1,0.0,TOT (H),1,0.0,MUN (H),1,0.0,SUN (A),1,0.0,0.0,0.0,Availability flag
276,Lo-Tutala,Thimothée Lo-Tutala,GK,11,HUL,4.0,40,0.0,0.0,u,Has joined Colchester United on loan for the rest of the season,5,0.0,gradient_boosting,0.0,-116,False,2.517528275248518,0.0,EVE (H),1,0.0,FUL (A),1,0.0,BRE (H),1,0.0,IPS (H),1,0.0,ARS (A),1,0.0,0.0,0.0,Availability flag
609,Shahar,Leo Shahar,DEF,17,NEW,4.0,40,0.2,0.0,u,has joined Arouca on loan for the rest of the seaon.,27,0.0,gradient_boosting,0.0,-1882,False,2.802085151978452,0.0,COV (A),1,0.0,AVL (H),1,0.0,CRY (A),1,0.0,EVE (H),1,0.0,FUL (A),1,0.0,0.0,0.0,Availability flag
118,Igor,Igor Julio dos Santos de Paulo,DEF,5,BHA,4.5,45,0.0,0.0,u,Has joined Burnley permanently,50,0.0,gradient_boosting,0.0,-300,False,2.802085151978452,0.0,SUN (A),1,0.0,CRY (H),1,0.0,LIV (A),1,0.0,MCI (A),1,0.0,BRE (H),1,0.0,0.0,0.0,Availability flag
278,Hughes,Charlie Hughes,DEF,11,HUL,3.9,39,0.2,0.0,i,Groin injury - Unknown return date,5,0.0,gradient_boosting,0.0,-860,True,2.802085151978452,0.0,EVE (H),1,0.0,FUL (A),1,0.0,BRE (H),1,0.0,IPS (H),1,0.0,ARS (A),1,0.0,0.0,0.0,Availability flag
287,Millar,Liam Millar,MID,11,HUL,5.0,50,0.0,0.0,u,Has joined Birmingham on loan for the rest of the season,5,0.0,gradient_boosting,0.0,-305,False,2.8717225771036388,0.0,EVE (H),1,0.0,FUL (A),1,0.0,BRE (H),1,0.0,IPS (H),1,0.0,ARS (A),1,0.0,0.0,0.0,Availability flag
283,Jacob,Matty Jacob,DEF,11,HUL,4.0,40,0.0,0.0,u,Has joined Newport County on loan until January,5,0.0,gradient_boosting,0.0,-36,False,2.802085151978452,0.0,EVE (H),1,0.0,FUL (A),1,0.0,BRE (H),1,0.0,IPS (H),1,0.0,ARS (A),1,0.0,0.0,0.0,Availability flag
281,Drameh,Cody Drameh,DEF,11,HUL,4.0,40,0.0,0.0,u,Has joined Genoa permanently,5,0.0,gradient_boosting,0.0,-258,False,2.802085151978452,0.0,EVE (H),1,0.0,FUL (A),1,0.0,BRE (H),1,0.0,IPS (H),1,0.0,ARS (A),1,0.0,0.0,0.0,Availability flag
275,Cartwright,Harvey Cartwright,GK,11,HUL,4.0,40,0.0,0.0,u,Has joined Grimsby Town on loan for the rest of the season,5,0.0,gradient_boosting,0.0,-25,False,2.517528275248518,0.0,EVE (H),1,0.0,FUL (A),1,0.0,BRE (H),1,0.0,IPS (H),1,0.0,ARS (A),1,0.0,0.0,0.0,Availability flag
610,De Fougerolles,Luc De Fougerolles,DEF,10,FUL,4.0,40,0.1,0.0,u,has joined  Real Salt Lake on loan for the rest of the seaon.,43,0.0,gradient_boosting,0.0,-508,False,2.802085151978452,0.0,IPS (A),1,0.0,HUL (H),1,0.0,COV (A),1,0.0,AVL (A),1,0.0,NEW (H),1,0.0,0.0,0.0,Availability flag
274,Butland,Jack Butland,GK,11,HUL,4.4,44,0.1,0.0,i,Arm injury - Unknown return date,5,0.0,gradient_boosting,-0.1,-258,True,2.517528275248518,0.0,EVE (H),1,0.0,FUL (A),1,0.0,BRE (H),1,0.0,IPS (H),1,0.0,ARS (A),1,0.0,0.0,0.0,Availability flag
307,Johnson,Ben Johnson,DEF,12,IPS,4.0,40,0.1,0.0,u,Has joined Stoke City on loan for the rest of the season,50,0.0,gradient_boosting,0.0,-364,False,2.802085151978452,0.0,FUL (H),1,0.0,MCI (A),1,0.0,NFO (H),1,0.0,HUL (A),1,0.0,BOU (H),1,0.0,0.0,0.0,Availability flag
632,Ansah,Ilyas Ansah,FWD,11,HUL,5.0,50,0.0,0.0,i,Back injury - Unknown return date,3,0.0,gradient_boosting,0.0,-350,True,3.5854329730334533,0.0,EVE (H),1,0.0,FUL (A),1,0.0,BRE (H),1,0.0,IPS (H),1,0.0,ARS (A),1,0.0,0.0,0.0,Availability flag
135,Yohanna,Zadok Yohanna,MID,5,BHA,4.8,48,0.0,0.0,i,Unspecified injury - Expected back 10 Oct,5,0.0,gradient_boosting,-0.1,-371,True,2.8717225771036388,0.0,SUN (A),1,0.0,CRY (H),1,0.0,LIV (A),1,0.0,MCI (A),1,0.0,BRE (H),1,0.0,0.0,0.0,Availability flag
133,Watson,Tom Watson,MID,5,BHA,5.0,50,0.0,0.0,u,Has joined Leicester City on loan for the rest of the season,42,0.0,gradient_boosting,0.0,-5,False,2.8717225771036388,0.0,SUN (A),1,0.0,CRY (H),1,0.0,LIV (A),1,0.0,MCI (A),1,0.0,BRE (H),1,0.0,0.0,0.0,Availability flag
132,Howell,Harry Howell,MID,5,BHA,4.5,45,0.0,0.0,u,Has joined Leicester City on loan for the rest of the season,29,0.0,gradient_boosting,0.0,-207,False,2.8717225771036388,0.0,SUN (A),1,0.0,CRY (H),1,0.0,LIV (A),1,0.0,MCI (A),1,0.0,BRE (H),1,0.0,0.0,0.0,Availability flag
130,Wieffer,Mats Wieffer,DEF,5,BHA,4.9,49,0.2,0.0,i,Knee injury - Unknown return date,50,0.0,gradient_boosting,0.0,-1983,True,2.802085151978452,0.0,SUN (A),1,0.0,CRY (H),1,0.0,LIV (A),1,0.0,MCI (A),1,0.0,BRE (H),1,0.0,0.0,0.0,Availability flag
123,Hinshelwood,Jack Hinshelwood,MID,5,BHA,5.9,59,0.6,0.0,i,Ankle injury - Expected back 10 Oct,50,0.0,gradient_boosting,0.0,-6660,True,2.8717225771036388,0.0,SUN (A),1,0.0,CRY (H),1,0.0,LIV (A),1,0.0,MCI (A),1,0.0,BRE (H),1,0.0,0.0,0.0,Availability flag
128,Buonanotte,Facundo Buonanotte,MID,5,BHA,5.0,50,0.0,0.0,u,Has joined Elche on loan for the rest of the season,50,0.0,gradient_boosting,0.0,-7,False,2.8717225771036388,0.0,SUN (A),1,0.0,CRY (H),1,0.0,LIV (A),1,0.0,MCI (A),1,0.0,BRE (H),1,0.0,0.0,0.0,Availability flag
122,Minteh,Yankuba Minteh,MID,5,BHA,5.8,58,0.0,0.0,i,Leg injury - Expected back 28 Nov,50,0.0,gradient_boosting,-0.1,-191,True,2.8717225771036388,0.0,SUN (A),1,0.0,CRY (H),1,0.0,LIV (A),1,0.0,MCI (A),1,0.0,BRE (H),1,0.0,0.0,0.0,Availability flag
121,Mitoma,Mitoma Kaoru,MID,5,BHA,5.9,59,0.0,0.0,i,Hamstring injury - Expected back 10 Oct,50,0.0,gradient_boosting,0.0,-49,True,2.8717225771036388,0.0,SUN (A),1,0.0,CRY (H),1,0.0,LIV (A),1,0.0,MCI (A),1,0.0,BRE (H),1,0.0,0.0,0.0,Availability flag
291,Matazo,Eliot Matazo,MID,11,HUL,4.5,45,0.0,0.0,i,Knee injury - Unknown return date,5,0.0,gradient_boosting,0.0,-22,True,2.8717225771036388,0.0,EVE (H),1,0.0,FUL (A),1,0.0,BRE (H),1,0.0,IPS (H),1,0.0,ARS (A),1,0.0,0.0,0.0,Availability flag
479,Bindon,Tyler Bindon,DEF,18,NFO,4.0,40,0.1,0.0,u,Has joined Charlton Athletic on loan for the rest of the season,5,0.0,gradient_boosting,0.0,-535,False,2.802085151978452,0.0,CRY (A),1,0.0,ARS (H),1,0.0,IPS (A),1,0.0,BRE (A),1,0.0,MCI (H),1,0.0,0.0,0.0,Availability flag
484,Hutchinson,Omari Hutchinson,MID,18,NFO,5.4,54,0.1,0.0,u,Has joined AC Milan on loan for the rest of the season,50,0.0,gradient_boosting,0.0,-383,False,2.8717225771036388,0.0,CRY (A),1,0.0,ARS (H),1,0.0,IPS (A),1,0.0,BRE (A),1,0.0,MCI (H),1,0.0,0.0,0.0,Availability flag
137,Tzimas,Stefanos Tzimas,FWD,5,BHA,5.4,54,0.0,0.0,i,Knee injury - Unknown return date,42,0.0,gradient_boosting,0.0,-16,True,3.5854329730334533,0.0,SUN (A),1,0.0,CRY (H),1,0.0,LIV (A),1,0.0,MCI (A),1,0.0,BRE (H),1,0.0,0.0,0.0,Availability flag
475,Savona,Nicolò Savona,DEF,18,NFO,4.5,45,0.0,0.0,i,Knee injury - Unknown return date,40,0.0,gradient_boosting,0.0,1,True,2.802085151978452,0.0,CRY (A),1,0.0,ARS (H),1,0.0,IPS (A),1,0.0,BRE (A),1,0.0,MCI (H),1,0.0,0.0,0.0,Availability flag
477,Abbott,Zach Abbott,DEF,18,NFO,4.0,40,0.1,0.0,u,Has joined Southampton on loan for the rest of the season,50,0.0,gradient_boosting,0.0,-831,False,2.802085151978452,0.0,CRY (A),1,0.0,ARS (H),1,0.0,IPS (A),1,0.0,BRE (A),1,0.0,MCI (H),1,0.0,0.0,0.0,Availability flag
470,Morato,Felipe Rodrigues da Silva,DEF,18,NFO,5.0,50,0.0,0.0,u,Has joined West Ham on loan for the rest of the season,50,0.0,gradient_boosting,0.0,-119,False,2.802085151978452,0.0,CRY (A),1,0.0,ARS (H),1,0.0,IPS (A),1,0.0,BRE (A),1,0.0,MCI (H),1,0.0,0.0,0.0,Availability flag
471,Milenković,Nikola Milenković,DEF,18,NFO,5.4,54,1.0,0.0,i,Hamstring injury - Expected back 11 Oct,50,30.0,gradient_boosting,-0.1,-12317,True,2.802085151978452,0.0,CRY (A),1,0.0,ARS (H),1,0.0,IPS (A),1,0.0,BRE (A),1,0.0,MCI (H),1,0.0,0.0,0.0,Availability flag
500,Romero,Cristian Romero,DEF,19,TOT,5.0,50,0.1,0.0,u,Has joined Atletico Madrid permanently,50,0.0,gradient_boosting,0.0,-301,False,2.802085151978452,0.0,MUN (A),1,0.0,COV (H),1,0.0,CHE (A),1,0.0,CRY (H),1,0.0,LEE (A),1,0.0,0.0,0.0,Availability flag
24,Nelson,Reiss Nelson,MID,1,ARS,5.5,55,0.0,0.0,u,has departed the club as a free agent.,50,0.0,gradient_boosting,0.0,-24,False,2.8717225771036388,0.0,LEE (H),1,0.0,NFO (A),1,0.0,EVE (H),1,0.0,LIV (A),1,0.0,HUL (H),1,0.0,0.0,0.0,Availability flag
27,G.Jesus,Gabriel Fernando de Jesus,FWD,1,ARS,5.9,59,0.1,0.0,u,Has joined FC Barcelona permanently,50,0.0,gradient_boosting,0.0,-1050,False,3.5854329730334533,0.0,LEE (H),1,0.0,NFO (A),1,0.0,EVE (H),1,0.0,LIV (A),1,0.0,HUL (H),1,0.0,0.0,0.0,Availability flag
494,Vicario,Guglielmo Vicario,GK,19,TOT,4.5,45,0.1,0.0,u,Has joined Juventus on loan for the rest of the season,50,0.0,gradient_boosting,0.0,-732,False,2.517528275248518,0.0,MUN (A),1,0.0,COV (H),1,0.0,CHE (A),1,0.0,CRY (H),1,0.0,LEE (A),1,0.0,0.0,0.0,Availability flag
70,Kluivert,Justin Kluivert,MID,3,BOU,6.0,60,0.9,0.0,i,Unspecified injury - Unknown return date,50,46.666666666666664,gradient_boosting,0.0,-16156,True,2.8717225771036388,0.0,CHE (A),1,0.0,SUN (H),1,0.0,MUN (A),1,0.0,LEE (H),1,0.0,IPS (A),1,0.0,0.0,0.0,Availability flag
485,Bakwa,Dilane Bakwa,MID,18,NFO,5.5,55,0.0,0.0,u,Has joined Lille on loan for the rest of the season,40,0.0,gradient_boosting,0.0,-34,False,2.8717225771036388,0.0,CRY (A),1,0.0,ARS (H),1,0.0,IPS (A),1,0.0,BRE (A),1,0.0,MCI (H),1,0.0,0.0,0.0,Availability flag
505,Spence,Djed Spence,DEF,19,TOT,4.5,45,0.2,0.0,u,Has joined Internazionale permanently,50,0.0,gradient_boosting,0.0,-1225,False,2.802085151978452,0.0,MUN (A),1,0.0,COV (H),1,0.0,CHE (A),1,0.0,CRY (H),1,0.0,LEE (A),1,0.0,0.0,0.0,Availability flag
507,Phillips,Ashley Phillips,DEF,19,TOT,4.5,45,0.0,0.0,u,Has joined Middlesbrough permanently,50,0.0,gradient_boosting,0.0,-55,False,2.802085151978452,0.0,MUN (A),1,0.0,COV (H),1,0.0,CHE (A),1,0.0,CRY (H),1,0.0,LEE (A),1,0.0,0.0,0.0,Availability flag
517,Odobert,Wilson Odobert,MID,19,TOT,5.5,55,0.0,0.0,i,Knee injury - Unknown return date,50,0.0,gradient_boosting,0.0,13,True,2.8717225771036388,0.0,MUN (A),1,0.0,COV (H),1,0.0,CHE (A),1,0.0,CRY (H),1,0.0,LEE (A),1,0.0,0.0,0.0,Availability flag
513,Xavi,Xavi Simons,MID,19,TOT,5.9,59,0.0,0.0,i,Knee injury - Unknown return date,40,0.0,gradient_boosting,0.0,-27,True,2.8717225771036388,0.0,MUN (A),1,0.0,COV (H),1,0.0,CHE (A),1,0.0,CRY (H),1,0.0,LEE (A),1,0.0,0.0,0.0,Availability flag
511,Souza,João Victor de Souza Menezes,DEF,19,TOT,4.0,40,0.2,0.0,u,Has joined FC Porto on loan for the rest of the season,20,0.0,gradient_boosting,0.0,-907,False,2.802085151978452,0.0,MUN (A),1,0.0,COV (H),1,0.0,CHE (A),1,0.0,CRY (H),1,0.0,LEE (A),1,0.0,0.0,0.0,Availability flag
518,P.M.Sarr,Pape Matar Sarr,MID,19,TOT,4.9,49,0.1,0.0,u,Has joined Juventus on loan for the rest of the season,50,0.0,gradient_boosting,0.0,-687,False,2.8717225771036388,0.0,MUN (A),1,0.0,COV (H),1,0.0,CHE (A),1,0.0,CRY (H),1,0.0,LEE (A),1,0.0,0.0,0.0,Availability flag
6,Saliba,William Saliba,DEF,1,ARS,5.9,59,0.2,0.0,i,Back injury - Unknown return date,50,0.0,gradient_boosting,0.0,-729,True,2.802085151978452,0.0,LEE (H),1,0.0,NFO (A),1,0.0,EVE (H),1,0.0,LIV (A),1,0.0,HUL (H),1,0.0,0.0,0.0,Availability flag
18,Martinelli,Gabriel Martinelli Silva,MID,1,ARS,6.3,63,0.1,0.0,u,Has joined Al Hilal permanently,50,0.0,gradient_boosting,0.0,-585,False,2.8717225771036388,0.0,LEE (H),1,0.0,NFO (A),1,0.0,EVE (H),1,0.0,LIV (A),1,0.0,HUL (H),1,0.0,0.0,0.0,Availability flag
521,Kulusevski,Dejan Kulusevski,MID,19,TOT,6.5,65,0.0,0.0,i,Knee injury - Unknown return date,50,0.0,gradient_boosting,0.0,23,True,2.8717225771036388,0.0,MUN (A),1,0.0,COV (H),1,0.0,CHE (A),1,0.0,CRY (H),1,0.0,LEE (A),1,0.0,0.0,0.0,Availability flag
23,Fábio Vieira,Fábio Ferreira Vieira,MID,1,ARS,5.5,55,0.0,0.0,u,Has joined Hamburger SV permanently,50,0.0,gradient_boosting,0.0,-42,False,2.8717225771036388,0.0,LEE (H),1,0.0,NFO (A),1,0.0,EVE (H),1,0.0,LIV (A),1,0.0,HUL (H),1,0.0,0.0,0.0,Availability flag
